ts,utm_x,utm_y,z,utm_zone_n,utm_zone_l,heading,inx_x,inx_y,inx_z,inx_yaw
04B5215C00000000,CBA8A601,D39FC633,F62D0000,12000000,4C000000,85140000,31000000,2E000000,1D000000,B6FFFFFF
69B5215C00000000,DAA8A601,DF9FC633,F62D0000,12000000,4C000000,85140000,3F000000,3A000000,1D000000,B6FFFFFF
CCB5215C00000000,E8A8A601,EA9FC633,F62D0000,12000000,4C000000,85140000,4D000000,45000000,1C000000,B6FFFFFF
2FB6215C00000000,F7A8A601,F59FC633,F62D0000,12000000,4C000000,85140000,5B000000,52000000,1C000000,B6FFFFFF
96B6215C00000000,06A9A601,01A0C633,F62D0000,12000000,4C000000,85140000,6A000000,5E000000,1B000000,B6FFFFFF
F8B6215C00000000,15A9A601,0CA0C633,F62D0000,12000000,4C000000,85140000,78000000,69000000,1B000000,B6FFFFFF
5FB7215C00000000,24A9A601,18A0C633,F62D0000,12000000,4C000000,85140000,87000000,76000000,1A000000,B6FFFFFF
C2B7215C00000000,33A9A601,23A0C633,F62D0000,12000000,4C000000,85140000,95000000,81000000,1A000000,B6FFFFFF
27B8215C00000000,42A9A601,2EA0C633,F62D0000,12000000,4C000000,84140000,A3000000,8E000000,19000000,B5FFFFFF
8BB8215C00000000,50A9A601,3AA0C633,F62D0000,12000000,4C000000,84140000,B2000000,9A000000,19000000,B5FFFFFF
EEB8215C00000000,5FA9A601,45A0C633,F62D0000,12000000,4C000000,84140000,C0000000,A6000000,18000000,B5FFFFFF
53B9215C00000000,6FA9A601,51A0C633,F62D0000,12000000,4C000000,84140000,CF000000,B2000000,18000000,B5FFFFFF
B6B9215C00000000,7EA9A601,5DA0C633,F62D0000,12000000,4C000000,84140000,DE000000,BE000000,17000000,B5FFFFFF
19BA215C00000000,8DA9A601,68A0C633,F62D0000,12000000,4C000000,84140000,EC000000,CB000000,17000000,B5FFFFFF
80BA215C00000000,9CA9A601,74A0C633,F62D0000,12000000,4C000000,83140000,FB000000,D7000000,16000000,B4FFFFFF
E3BA215C00000000,ABA9A601,7FA0C633,F62D0000,12000000,4C000000,83140000,09010000,E3000000,16000000,B4FFFFFF
46BB215C00000000,BAA9A601,8BA0C633,F62D0000,12000000,4C000000,83140000,18010000,EF000000,15000000,B4FFFFFF
ABBB215C00000000,C9A9A601,96A0C633,F62D0000,12000000,4C000000,83140000,26010000,FB000000,15000000,B4FFFFFF
0EBC215C00000000,D8A9A601,A2A0C633,F62D0000,12000000,4C000000,83140000,35010000,07010000,14000000,B4FFFFFF
75BC215C00000000,E7A9A601,ADA0C633,F62D0000,12000000,4C000000,83140000,44010000,13010000,14000000,B4FFFFFF
D8BC215C00000000,F6A9A601,B9A0C633,F62D0000,12000000,4C000000,83140000,52010000,1F010000,13000000,B4FFFFFF
3DBD215C00000000,05AAA601,C5A0C633,F62D0000,12000000,4C000000,83140000,61010000,2C010000,12000000,B4FFFFFF
A1BD215C00000000,15AAA601,D0A0C633,F62D0000,12000000,4C000000,82140000,70010000,38010000,12000000,B3FFFFFF
04BE215C00000000,24AAA601,DCA0C633,F62D0000,12000000,4C000000,82140000,7E010000,44010000,11000000,B3FFFFFF
69BE215C00000000,33AAA601,E8A0C633,F62D0000,12000000,4C000000,82140000,8E010000,51010000,11000000,B3FFFFFF
CDBE215C00000000,43AAA601,F4A0C633,F62D0000,12000000,4C000000,82140000,9C010000,5D010000,10000000,B3FFFFFF
30BF215C00000000,52AAA601,FFA0C633,F62D0000,12000000,4C000000,82140000,AC010000,69010000,10000000,B3FFFFFF
95BF215C00000000,61AAA601,0BA1C633,F62D0000,12000000,4C000000,82140000,BA010000,75010000,0F000000,B3FFFFFF
F8BF215C00000000,70AAA601,17A1C633,F62D0000,12000000,4C000000,82140000,C9010000,82010000,0E000000,B3FFFFFF
5CC0215C00000000,80AAA601,23A1C633,F62D0000,12000000,4C000000,81140000,D8010000,8E010000,0E000000,B2FFFFFF
C1C0215C00000000,8FAAA601,2EA1C633,F62D0000,12000000,4C000000,81140000,E7010000,9A010000,0D000000,B2FFFFFF
25C1215C00000000,9EAAA601,3AA1C633,F62D0000,12000000,4C000000,81140000,F5010000,A6010000,0D000000,B2FFFFFF
8BC1215C00000000,AEAAA601,46A1C633,F62D0000,12000000,4C000000,81140000,04020000,B3010000,0C000000,B2FFFFFF
EDC1215C00000000,BDAAA601,51A1C633,F62D0000,12000000,4C000000,81140000,13020000,BF010000,0C000000,B2FFFFFF
53C2215C00000000,CCAAA601,5DA1C633,F62D0000,12000000,4C000000,81140000,22020000,CB010000,0B000000,B2FFFFFF
B6C2215C00000000,DCAAA601,69A1C633,F62D0000,12000000,4C000000,81140000,31020000,D8010000,0A000000,B2FFFFFF
1AC3215C00000000,EBAAA601,75A1C633,F62D0000,12000000,4C000000,80140000,40020000,E4010000,0A000000,B1FFFFFF
7FC3215C00000000,FBAAA601,81A1C633,F62D0000,12000000,4C000000,80140000,4F020000,F1010000,09000000,B1FFFFFF
E2C3215C00000000,0AABA601,8DA1C633,F62D0000,12000000,4C000000,80140000,5F020000,FD010000,09000000,B1FFFFFF
46C4215C00000000,1AABA601,99A1C633,F62D0000,12000000,4C000000,80140000,6E020000,0A020000,08000000,B1FFFFFF
ACC4215C00000000,29ABA601,A5A1C633,F62D0000,12000000,4C000000,80140000,7D020000,16020000,08000000,B1FFFFFF
0FC5215C00000000,39ABA601,B0A1C633,F62D0000,12000000,4C000000,80140000,8B020000,22020000,07000000,B1FFFFFF
72C5215C00000000,48ABA601,BCA1C633,F62D0000,12000000,4C000000,7F140000,9B020000,2F020000,06000000,B0FFFFFF
D7C5215C00000000,58ABA601,C8A1C633,F62D0000,12000000,4C000000,7F140000,AA020000,3B020000,06000000,B0FFFFFF
3AC6215C00000000,67ABA601,D4A1C633,F62D0000,12000000,4C000000,7F140000,B8020000,47020000,05000000,B0FFFFFF
A1C6215C00000000,77ABA601,E0A1C633,F62D0000,12000000,4C000000,7F140000,C8020000,54020000,05000000,B0FFFFFF
04C7215C00000000,86ABA601,ECA1C633,F62D0000,12000000,4C000000,7F140000,D7020000,61020000,04000000,B0FFFFFF
69C7215C00000000,96ABA601,F8A1C633,F62D0000,12000000,4C000000,7F140000,E6020000,6D020000,03000000,B0FFFFFF
CCC7215C00000000,A5ABA601,04A2C633,F62D0000,12000000,4C000000,7F140000,F5020000,7A020000,03000000,B0FFFFFF
2FC8215C00000000,B4ABA601,10A2C633,F62D0000,12000000,4C000000,7F140000,04030000,86020000,02000000,B0FFFFFF
96C8215C00000000,C5ABA601,1CA2C633,F62D0000,12000000,4C000000,7F140000,14030000,93020000,01000000,B0FFFFFF
F9C8215C00000000,D4ABA601,28A2C633,F62D0000,12000000,4C000000,7E140000,23030000,A0020000,01000000,AFFFFFFF
5BC9215C00000000,E4ABA601,34A2C633,F62D0000,12000000,4C000000,7E140000,32030000,AC020000,00000000,AFFFFFFF
C2C9215C00000000,F4ABA601,40A2C633,F62D0000,12000000,4C000000,7E140000,41030000,B9020000,00000000,AFFFFFFF
25CA215C00000000,03ACA601,4CA2C633,F62D0000,12000000,4C000000,7E140000,50030000,C6020000,00000000,AFFFFFFF
8ACA215C00000000,13ACA601,58A2C633,F62D0000,12000000,4C000000,7E140000,60030000,D2020000,FFFFFFFF,AFFFFFFF
EECA215C00000000,23ACA601,64A2C633,F62D0000,12000000,4C000000,7E140000,6F030000,DF020000,FFFFFFFF,AFFFFFFF
51CB215C00000000,32ACA601,70A2C633,F62D0000,12000000,4C000000,7E140000,7E030000,EC020000,FEFFFFFF,AFFFFFFF
B3CB215C00000000,42ACA601,7CA2C633,F62D0000,12000000,4C000000,7E140000,8D030000,F9020000,FDFFFFFF,AFFFFFFF
1ACC215C00000000,52ACA601,88A2C633,F62D0000,12000000,4C000000,7E140000,9C030000,05030000,FDFFFFFF,AFFFFFFF
80CC215C00000000,62ACA601,95A2C633,F62D0000,12000000,4C000000,7D140000,AB030000,12030000,FCFFFFFF,AEFFFFFF
E0CC215C00000000,71ACA601,A1A2C633,F62D0000,12000000,4C000000,7D140000,BA030000,1F030000,FCFFFFFF,AEFFFFFF
45CD215C00000000,81ACA601,ADA2C633,F62D0000,12000000,4C000000,7D140000,C9030000,2B030000,FBFFFFFF,AEFFFFFF
ACCD215C00000000,91ACA601,B9A2C633,F62D0000,12000000,4C000000,7D140000,D9030000,38030000,FBFFFFFF,AEFFFFFF
0FCE215C00000000,A1ACA601,C5A2C633,F62D0000,12000000,4C000000,7D140000,E8030000,45030000,FAFFFFFF,AEFFFFFF
71CE215C00000000,B1ACA601,D1A2C633,F62D0000,12000000,4C000000,7D140000,F7030000,52030000,F9FFFFFF,AEFFFFFF
D8CE215C00000000,C0ACA601,DEA2C633,F62D0000,12000000,4C000000,7D140000,07040000,5F030000,F9FFFFFF,AEFFFFFF
3BCF215C00000000,D0ACA601,E9A2C633,F62D0000,12000000,4C000000,7C140000,16040000,6C030000,F8FFFFFF,ADFFFFFF
9DCF215C00000000,E0ACA601,F6A2C633,F62D0000,12000000,4C000000,7C140000,25040000,79030000,F7FFFFFF,ADFFFFFF
04D0215C00000000,F0ACA601,02A3C633,F62D0000,12000000,4C000000,7C140000,34040000,86030000,F7FFFFFF,ADFFFFFF
67D0215C00000000,00ADA601,0EA3C633,F62D0000,12000000,4C000000,7C140000,44040000,93030000,F6FFFFFF,ADFFFFFF
CDD0215C00000000,10ADA601,1BA3C633,F62D0000,12000000,4C000000,7C140000,53040000,A0030000,F5FFFFFF,ADFFFFFF
30D1215C00000000,20ADA601,27A3C633,F62D0000,12000000,4C000000,7C140000,62040000,AD030000,F5FFFFFF,ADFFFFFF
96D1215C00000000,30ADA601,33A3C633,F62D0000,12000000,4C000000,7C140000,72040000,BA030000,F4FFFFFF,ADFFFFFF
F7D1215C00000000,40ADA601,40A3C633,F62D0000,12000000,4C000000,7B140000,81040000,C7030000,F3FFFFFF,ACFFFFFF
5CD2215C00000000,50ADA601,4CA3C633,F62D0000,12000000,4C000000,7B140000,91040000,D4030000,F3FFFFFF,ACFFFFFF
C2D2215C00000000,61ADA601,59A3C633,F62D0000,12000000,4C000000,7B140000,A1040000,E2030000,F2FFFFFF,ACFFFFFF
24D3215C00000000,71ADA601,65A3C633,F62D0000,12000000,4C000000,7B140000,B0040000,EF030000,F1FFFFFF,ACFFFFFF
88D3215C00000000,81ADA601,72A3C633,F62D0000,12000000,4C000000,7B140000,C0040000,FC030000,F1FFFFFF,ACFFFFFF
EED3215C00000000,91ADA601,7EA3C633,F62D0000,12000000,4C000000,7B140000,CF040000,09040000,F0FFFFFF,ACFFFFFF
51D4215C00000000,A1ADA601,8AA3C633,F62D0000,12000000,4C000000,7B140000,DF040000,16040000,F0FFFFFF,ACFFFFFF
B3D4215C00000000,B1ADA601,97A3C633,F62D0000,12000000,4C000000,7A140000,EE040000,24040000,EFFFFFFF,ABFFFFFF
1AD5215C00000000,C1ADA601,A3A3C633,F62D0000,12000000,4C000000,7A140000,FE040000,31040000,EEFFFFFF,ABFFFFFF
7DD5215C00000000,D1ADA601,AFA3C633,F62D0000,12000000,4C000000,7A140000,0D050000,3D040000,EEFFFFFF,ABFFFFFF
E2D5215C00000000,E1ADA601,BCA3C633,F62D0000,12000000,4C000000,7A140000,1D050000,4B040000,EDFFFFFF,ABFFFFFF
46D6215C00000000,F1ADA601,C8A3C633,F62D0000,12000000,4C000000,7A140000,2C050000,58040000,ECFFFFFF,ABFFFFFF
ACD6215C00000000,02AEA601,D4A3C633,F62D0000,12000000,4C000000,7A140000,3C050000,65040000,EBFFFFFF,ABFFFFFF
0ED7215C00000000,12AEA601,E1A3C633,F62D0000,12000000,4C000000,7A140000,4B050000,72040000,EBFFFFFF,ABFFFFFF
72D7215C00000000,22AEA601,EDA3C633,F62D0000,12000000,4C000000,7A140000,5B050000,7F040000,EAFFFFFF,ABFFFFFF
D7D7215C00000000,33AEA601,FAA3C633,F62D0000,12000000,4C000000,79140000,6B050000,8D040000,EAFFFFFF,AAFFFFFF
3BD8215C00000000,43AEA601,07A4C633,F62D0000,12000000,4C000000,79140000,7B050000,9A040000,E9FFFFFF,AAFFFFFF
9ED8215C00000000,53AEA601,13A4C633,F62D0000,12000000,4C000000,79140000,8B050000,A7040000,E8FFFFFF,AAFFFFFF
04D9215C00000000,64AEA601,20A4C633,F62D0000,12000000,4C000000,79140000,9B050000,B5040000,E8FFFFFF,AAFFFFFF
67D9215C00000000,74AEA601,2CA4C633,F62D0000,12000000,4C000000,79140000,AA050000,C2040000,E7FFFFFF,AAFFFFFF
CAD9215C00000000,84AEA601,39A4C633,F62D0000,12000000,4C000000,79140000,BA050000,CF040000,E6FFFFFF,AAFFFFFF
30DA215C00000000,94AEA601,46A4C633,F62D0000,12000000,4C000000,78140000,CA050000,DC040000,E5FFFFFF,A9FFFFFF
93DA215C00000000,A5AEA601,52A4C633,F62D0000,12000000,4C000000,78140000,DA050000,E9040000,E5FFFFFF,A9FFFFFF
F9DA215C00000000,B5AEA601,5FA4C633,F62D0000,12000000,4C000000,78140000,EA050000,F6040000,E4FFFFFF,A9FFFFFF
5CDB215C00000000,C5AEA601,6BA4C633,F62D0000,12000000,4C000000,78140000,F9050000,04050000,E3FFFFFF,A9FFFFFF
C1DB215C00000000,D6AEA601,78A4C633,F62D0000,12000000,4C000000,78140000,09060000,11050000,E2FFFFFF,A9FFFFFF
24DC215C00000000,E6AEA601,84A4C633,F62D0000,12000000,4C000000,78140000,19060000,1E050000,E2FFFFFF,A9FFFFFF
88DC215C00000000,F6AEA601,91A4C633,F62D0000,12000000,4C000000,78140000,29060000,2B050000,E1FFFFFF,A9FFFFFF
EEDC215C00000000,07AFA601,9EA4C633,F62D0000,12000000,4C000000,77140000,39060000,39050000,E0FFFFFF,A8FFFFFF
51DD215C00000000,18AFA601,ABA4C633,F62D0000,12000000,4C000000,77140000,49060000,46050000,DFFFFFFF,A8FFFFFF
B4DD215C00000000,28AFA601,B7A4C633,F62D0000,12000000,4C000000,77140000,59060000,54050000,DFFFFFFF,A8FFFFFF
1ADE215C00000000,39AFA601,C4A4C633,F62D0000,12000000,4C000000,77140000,69060000,61050000,DEFFFFFF,A8FFFFFF
7DDE215C00000000,49AFA601,D1A4C633,F62D0000,12000000,4C000000,77140000,79060000,6E050000,DDFFFFFF,A8FFFFFF
E0DE215C00000000,5AAFA601,DDA4C633,F62D0000,12000000,4C000000,77140000,89060000,7B050000,DCFFFFFF,A8FFFFFF
46DF215C00000000,6AAFA601,EAA4C633,F62D0000,12000000,4C000000,76140000,99060000,89050000,DCFFFFFF,A7FFFFFF
A9DF215C00000000,7AAFA601,F7A4C633,F62D0000,12000000,4C000000,76140000,A9060000,96050000,DBFFFFFF,A7FFFFFF
0FE0215C00000000,8BAFA601,03A5C633,F62D0000,12000000,4C000000,76140000,B9060000,A3050000,DAFFFFFF,A7FFFFFF
72E0215C00000000,9BAFA601,10A5C633,F62D0000,12000000,4C000000,76140000,C9060000,B0050000,DAFFFFFF,A7FFFFFF
D8E0215C00000000,ACAFA601,1DA5C633,F62D0000,12000000,4C000000,76140000,D9060000,BE050000,D9FFFFFF,A7FFFFFF
3AE1215C00000000,BCAFA601,2AA5C633,F62D0000,12000000,4C000000,76140000,E9060000,CB050000,D8FFFFFF,A7FFFFFF
9EE1215C00000000,CDAFA601,36A5C633,F62D0000,12000000,4C000000,75140000,F9060000,D9050000,D7FFFFFF,A6FFFFFF
04E2215C00000000,DEAFA601,44A5C633,F62D0000,12000000,4C000000,75140000,0A070000,E6050000,D6FFFFFF,A6FFFFFF
67E2215C00000000,EFAFA601,50A5C633,F62D0000,12000000,4C000000,75140000,1A070000,F4050000,D6FFFFFF,A6FFFFFF
CAE2215C00000000,00B0A601,5DA5C633,F62D0000,12000000,4C000000,75140000,2A070000,02060000,D5FFFFFF,A6FFFFFF
30E3215C00000000,10B0A601,6AA5C633,F62D0000,12000000,4C000000,75140000,3A070000,0F060000,D4FFFFFF,A6FFFFFF
98E3215C00000000,21B0A601,77A5C633,F62D0000,12000000,4C000000,75140000,4A070000,1C060000,D3FFFFFF,A6FFFFFF
F6E3215C00000000,32B0A601,84A5C633,F62D0000,12000000,4C000000,75140000,5B070000,2A060000,D3FFFFFF,A6FFFFFF
5DE4215C00000000,42B0A601,91A5C633,F62D0000,12000000,4C000000,75140000,6B070000,37060000,D2FFFFFF,A6FFFFFF
BFE4215C00000000,53B0A601,9DA5C633,F62D0000,12000000,4C000000,74140000,7B070000,45060000,D1FFFFFF,A5FFFFFF
25E5215C00000000,64B0A601,AAA5C633,F62D0000,12000000,4C000000,74140000,8B070000,52060000,D0FFFFFF,A5FFFFFF
88E5215C00000000,74B0A601,B7A5C633,F62D0000,12000000,4C000000,74140000,9B070000,60060000,D0FFFFFF,A5FFFFFF
EEE5215C00000000,85B0A601,C4A5C633,F62D0000,12000000,4C000000,74140000,AB070000,6D060000,CFFFFFFF,A5FFFFFF
50E6215C00000000,96B0A601,D1A5C633,F62D0000,12000000,4C000000,74140000,BC070000,7B060000,CEFFFFFF,A5FFFFFF
B4E6215C00000000,A6B0A601,DEA5C633,F62D0000,12000000,4C000000,74140000,CC070000,89060000,CDFFFFFF,A5FFFFFF
1AE7215C00000000,B8B0A601,EBA5C633,F62D0000,12000000,4C000000,74140000,DC070000,97060000,CDFFFFFF,A5FFFFFF
7DE7215C00000000,C9B0A601,F8A5C633,F62D0000,12000000,4C000000,73140000,ED070000,A4060000,CCFFFFFF,A4FFFFFF
E0E7215C00000000,DAB0A601,05A6C633,F62D0000,12000000,4C000000,73140000,FD070000,B2060000,CBFFFFFF,A4FFFFFF
46E8215C00000000,EAB0A601,12A6C633,F62D0000,12000000,4C000000,73140000,0D080000,C0060000,CAFFFFFF,A4FFFFFF
A9E8215C00000000,FBB0A601,1FA6C633,F62D0000,12000000,4C000000,73140000,1D080000,CE060000,C9FFFFFF,A4FFFFFF
0CE9215C00000000,0CB1A601,2CA6C633,F62D0000,12000000,4C000000,73140000,2E080000,DB060000,C9FFFFFF,A4FFFFFF
72E9215C00000000,1DB1A601,39A6C633,F62D0000,12000000,4C000000,73140000,3E080000,E9060000,C8FFFFFF,A4FFFFFF
D5E9215C00000000,2DB1A601,46A6C633,F62D0000,12000000,4C000000,72140000,4E080000,F6060000,C7FFFFFF,A3FFFFFF
3BEA215C00000000,3FB1A601,53A6C633,F62D0000,12000000,4C000000,72140000,5F080000,04070000,C6FFFFFF,A3FFFFFF
9EEA215C00000000,50B1A601,61A6C633,F62D0000,12000000,4C000000,72140000,6F080000,12070000,C5FFFFFF,A3FFFFFF
04EB215C00000000,61B1A601,6EA6C633,F62D0000,12000000,4C000000,72140000,80080000,20070000,C5FFFFFF,A3FFFFFF
67EB215C00000000,71B1A601,7BA6C633,F62D0000,12000000,4C000000,72140000,90080000,2D070000,C4FFFFFF,A3FFFFFF
CAEB215C00000000,82B1A601,88A6C633,F62D0000,12000000,4C000000,72140000,A0080000,3B070000,C3FFFFFF,A3FFFFFF
30EC215C00000000,94B1A601,95A6C633,F62D0000,12000000,4C000000,72140000,B1080000,49070000,C2FFFFFF,A3FFFFFF
93EC215C00000000,A5B1A601,A2A6C633,F62D0000,12000000,4C000000,72140000,C2080000,57070000,C1FFFFFF,A3FFFFFF
F7EC215C00000000,B6B1A601,B0A6C633,F62D0000,12000000,4C000000,71140000,D3080000,65070000,C0FFFFFF,A2FFFFFF
5CED215C00000000,C7B1A601,BDA6C633,F62D0000,12000000,4C000000,71140000,E3080000,73070000,C0FFFFFF,A2FFFFFF
BFED215C00000000,D8B1A601,CAA6C633,F62D0000,12000000,4C000000,71140000,F4080000,80070000,BFFFFFFF,A2FFFFFF
22EE215C00000000,E9B1A601,D7A6C633,F62D0000,12000000,4C000000,71140000,04090000,8E070000,BEFFFFFF,A2FFFFFF
88EE215C00000000,FAB1A601,E4A6C633,F62D0000,12000000,4C000000,71140000,15090000,9C070000,BDFFFFFF,A2FFFFFF
EBEE215C00000000,0BB2A601,F1A6C633,F62D0000,12000000,4C000000,71140000,25090000,A9070000,BCFFFFFF,A2FFFFFF
51EF215C00000000,1CB2A601,FEA6C633,F62D0000,12000000,4C000000,71140000,36090000,B7070000,BBFFFFFF,A2FFFFFF
B4EF215C00000000,2DB2A601,0CA7C633,F62D0000,12000000,4C000000,70140000,46090000,C5070000,BAFFFFFF,A1FFFFFF
1AF0215C00000000,3EB2A601,19A7C633,F62D0000,12000000,4C000000,71140000,57090000,D3070000,BAFFFFFF,A2FFFFFF
7DF0215C00000000,4FB2A601,26A7C633,F62D0000,12000000,4C000000,70140000,67090000,E1070000,B9FFFFFF,A1FFFFFF
E0F0215C00000000,60B2A601,33A7C633,F62D0000,12000000,4C000000,70140000,78090000,EF070000,B8FFFFFF,A1FFFFFF
46F1215C00000000,72B2A601,41A7C633,F62D0000,12000000,4C000000,70140000,89090000,FD070000,B7FFFFFF,A1FFFFFF
AAF1215C00000000,83B2A601,4EA7C633,F62D0000,12000000,4C000000,70140000,9A090000,0B080000,B6FFFFFF,A1FFFFFF
0CF2215C00000000,95B2A601,5CA7C633,F62D0000,12000000,4C000000,70140000,AB090000,19080000,B5FFFFFF,A1FFFFFF
72F2215C00000000,A6B2A601,69A7C633,F62D0000,12000000,4C000000,70140000,BB090000,27080000,B4FFFFFF,A1FFFFFF
D5F2215C00000000,B7B2A601,76A7C633,F62D0000,12000000,4C000000,6F140000,CC090000,35080000,B4FFFFFF,A0FFFFFF
37F3215C00000000,C8B2A601,83A7C633,F62D0000,12000000,4C000000,6F140000,DD090000,43080000,B3FFFFFF,A0FFFFFF
9EF3215C00000000,D9B2A601,91A7C633,F62D0000,12000000,4C000000,6F140000,ED090000,51080000,B2FFFFFF,A0FFFFFF
01F4215C00000000,EAB2A601,9EA7C633,F62D0000,12000000,4C000000,6F140000,FE090000,5E080000,B1FFFFFF,A0FFFFFF
68F4215C00000000,FCB2A601,ABA7C633,F62D0000,12000000,4C000000,6F140000,0F0A0000,6D080000,B0FFFFFF,A0FFFFFF
CAF4215C00000000,0DB3A601,B9A7C633,F62D0000,12000000,4C000000,6F140000,200A0000,7B080000,AFFFFFFF,A0FFFFFF
30F5215C00000000,1EB3A601,C6A7C633,F62D0000,12000000,4C000000,6F140000,300A0000,89080000,AEFFFFFF,A0FFFFFF
94F5215C00000000,30B3A601,D3A7C633,F62D0000,12000000,4C000000,6F140000,410A0000,97080000,AEFFFFFF,A0FFFFFF
F5F5215C00000000,41B3A601,E1A7C633,F62D0000,12000000,4C000000,6F140000,520A0000,A4080000,ADFFFFFF,A0FFFFFF
5CF6215C00000000,53B3A601,EEA7C633,F62D0000,12000000,4C000000,6E140000,630A0000,B3080000,ACFFFFFF,9FFFFFFF
BFF6215C00000000,64B3A601,FCA7C633,F62D0000,12000000,4C000000,6E140000,740A0000,C1080000,ABFFFFFF,9FFFFFFF
23F7215C00000000,76B3A601,09A8C633,F62D0000,12000000,4C000000,6E140000,850A0000,CF080000,AAFFFFFF,9FFFFFFF
86F7215C00000000,87B3A601,17A8C633,F62D0000,12000000,4C000000,6E140000,960A0000,DD080000,A9FFFFFF,9FFFFFFF
EBF7215C00000000,98B3A601,24A8C633,F62D0000,12000000,4C000000,6E140000,A70A0000,EB080000,A8FFFFFF,9FFFFFFF
50F8215C00000000,AAB3A601,32A8C633,F62D0000,12000000,4C000000,6E140000,B80A0000,F9080000,A7FFFFFF,9FFFFFFF
B4F8215C00000000,BBB3A601,3FA8C633,F62D0000,12000000,4C000000,6E140000,C90A0000,07090000,A6FFFFFF,9FFFFFFF
17F9215C00000000,CDB3A601,4DA8C633,F62D0000,12000000,4C000000,6E140000,DA0A0000,16090000,A5FFFFFF,9FFFFFFF
7CF9215C00000000,DEB3A601,5AA8C633,F62D0000,12000000,4C000000,6E140000,EB0A0000,24090000,A4FFFFFF,9FFFFFFF
DFF9215C00000000,F0B3A601,68A8C633,F62D0000,12000000,4C000000,6E140000,FC0A0000,32090000,A3FFFFFF,9FFFFFFF
45FA215C00000000,02B4A601,76A8C633,F62D0000,12000000,4C000000,6D140000,0D0B0000,40090000,A3FFFFFF,9EFFFFFF
A8FA215C00000000,13B4A601,83A8C633,F62D0000,12000000,4C000000,6D140000,1E0B0000,4E090000,A2FFFFFF,9EFFFFFF
0BFB215C00000000,25B4A601,91A8C633,F62D0000,12000000,4C000000,6D140000,2F0B0000,5D090000,A1FFFFFF,9EFFFFFF
72FB215C00000000,37B4A601,9FA8C633,F62D0000,12000000,4C000000,6D140000,410B0000,6B090000,A0FFFFFF,9EFFFFFF
D5FB215C00000000,48B4A601,ACA8C633,F62D0000,12000000,4C000000,6D140000,510B0000,79090000,9FFFFFFF,9EFFFFFF
37FC215C00000000,59B4A601,B9A8C633,F62D0000,12000000,4C000000,6C140000,620B0000,87090000,9EFFFFFF,9DFFFFFF
9DFC215C00000000,6BB4A601,C7A8C633,F62D0000,12000000,4C000000,6D140000,740B0000,95090000,9DFFFFFF,9EFFFFFF
00FD215C00000000,7CB4A601,D4A8C633,F62D0000,12000000,4C000000,6C140000,840B0000,A4090000,9CFFFFFF,9DFFFFFF
67FD215C00000000,8EB4A601,E2A8C633,F62D0000,12000000,4C000000,6C140000,960B0000,B2090000,9BFFFFFF,9DFFFFFF
C9FD215C00000000,A0B4A601,F0A8C633,F62D0000,12000000,4C000000,6C140000,A70B0000,C0090000,9AFFFFFF,9DFFFFFF
2CFE215C00000000,B2B4A601,FEA8C633,F62D0000,12000000,4C000000,6C140000,B80B0000,CF090000,99FFFFFF,9DFFFFFF
93FE215C00000000,C4B4A601,0CA9C633,F62D0000,12000000,4C000000,6C140000,CA0B0000,DD090000,98FFFFFF,9DFFFFFF
F5FE215C00000000,D5B4A601,19A9C633,F62D0000,12000000,4C000000,6C140000,DB0B0000,EB090000,97FFFFFF,9DFFFFFF
5BFF215C00000000,E7B4A601,27A9C633,F62D0000,12000000,4C000000,6B140000,EC0B0000,F9090000,96FFFFFF,9CFFFFFF
BEFF215C00000000,F8B4A601,34A9C633,F62D0000,12000000,4C000000,6B140000,FD0B0000,080A0000,96FFFFFF,9CFFFFFF
2100225C00000000,0AB5A601,42A9C633,F62D0000,12000000,4C000000,6B140000,0E0C0000,160A0000,95FFFFFF,9CFFFFFF
8800225C00000000,1DB5A601,50A9C633,F62D0000,12000000,4C000000,6B140000,200C0000,250A0000,94FFFFFF,9CFFFFFF
EB00225C00000000,2EB5A601,5EA9C633,F62D0000,12000000,4C000000,6B140000,310C0000,330A0000,93FFFFFF,9CFFFFFF
4D01225C00000000,40B5A601,6CA9C633,F62D0000,12000000,4C000000,6B140000,430C0000,410A0000,92FFFFFF,9CFFFFFF
B401225C00000000,51B5A601,79A9C633,F62D0000,12000000,4C000000,6B140000,540C0000,500A0000,91FFFFFF,9CFFFFFF
1702225C00000000,63B5A601,87A9C633,F62D0000,12000000,4C000000,6B140000,650C0000,5E0A0000,90FFFFFF,9CFFFFFF
7902225C00000000,75B5A601,95A9C633,F62D0000,12000000,4C000000,6B140000,770C0000,6D0A0000,8FFFFFFF,9CFFFFFF
DF02225C00000000,87B5A601,A3A9C633,F62D0000,12000000,4C000000,6B140000,880C0000,7B0A0000,8EFFFFFF,9CFFFFFF
4303225C00000000,99B5A601,B1A9C633,F62D0000,12000000,4C000000,6B140000,990C0000,8A0A0000,8DFFFFFF,9CFFFFFF
A903225C00000000,ABB5A601,BEA9C633,F62D0000,12000000,4C000000,6A140000,AA0C0000,980A0000,8CFFFFFF,9BFFFFFF
0B04225C00000000,BCB5A601,CCA9C633,F62D0000,12000000,4C000000,6A140000,BB0C0000,A60A0000,8BFFFFFF,9BFFFFFF
7104225C00000000,CEB5A601,DAA9C633,F62D0000,12000000,4C000000,6A140000,CC0C0000,B50A0000,8AFFFFFF,9BFFFFFF
D404225C00000000,E0B5A601,E8A9C633,F62D0000,12000000,4C000000,6A140000,DE0C0000,C30A0000,89FFFFFF,9BFFFFFF
3805225C00000000,F2B5A601,F5A9C633,F62D0000,12000000,4C000000,6A140000,EF0C0000,D20A0000,88FFFFFF,9BFFFFFF
9E05225C00000000,04B6A601,03AAC633,F62D0000,12000000,4C000000,6A140000,010D0000,E00A0000,87FFFFFF,9BFFFFFF
0006225C00000000,16B6A601,11AAC633,F62D0000,12000000,4C000000,6A140000,120D0000,EF0A0000,86FFFFFF,9BFFFFFF
6306225C00000000,28B6A601,1FAAC633,F62D0000,12000000,4C000000,69140000,230D0000,FE0A0000,85FFFFFF,9AFFFFFF
CA06225C00000000,3AB6A601,2DAAC633,F62D0000,12000000,4C000000,69140000,350D0000,0C0B0000,84FFFFFF,9AFFFFFF
2D07225C00000000,4BB6A601,3AAAC633,F62D0000,12000000,4C000000,69140000,460D0000,1A0B0000,83FFFFFF,9AFFFFFF
9207225C00000000,5DB6A601,48AAC633,F62D0000,12000000,4C000000,69140000,570D0000,290B0000,82FFFFFF,9AFFFFFF
F607225C00000000,6FB6A601,57AAC633,F62D0000,12000000,4C000000,69140000,690D0000,380B0000,81FFFFFF,9AFFFFFF
5908225C00000000,81B6A601,65AAC633,F62D0000,12000000,4C000000,68140000,7A0D0000,460B0000,80FFFFFF,99FFFFFF
BE08225C00000000,93B6A601,72AAC633,F62D0000,12000000,4C000000,68140000,8B0D0000,550B0000,7FFFFFFF,99FFFFFF
2209225C00000000,A5B6A601,80AAC633,F62D0000,12000000,4C000000,68140000,9D0D0000,640B0000,7EFFFFFF,99FFFFFF
8809225C00000000,B7B6A601,8EAAC633,F62D0000,12000000,4C000000,68140000,AF0D0000,720B0000,7DFFFFFF,99FFFFFF
EB09225C00000000,C9B6A601,9CAAC633,F62D0000,12000000,4C000000,68140000,C00D0000,810B0000,7CFFFFFF,99FFFFFF
4D0A225C00000000,DBB6A601,AAAAC633,F62D0000,12000000,4C000000,68140000,D10D0000,8F0B0000,7BFFFFFF,99FFFFFF
B40A225C00000000,EDB6A601,B8AAC633,F62D0000,12000000,4C000000,67140000,E30D0000,9E0B0000,7AFFFFFF,98FFFFFF
170B225C00000000,FFB6A601,C6AAC633,F62D0000,12000000,4C000000,67140000,F40D0000,AD0B0000,79FFFFFF,98FFFFFF
7C0B225C00000000,12B7A601,D4AAC633,F62D0000,12000000,4C000000,67140000,060E0000,BC0B0000,78FFFFFF,98FFFFFF
DF0B225C00000000,23B7A601,E2AAC633,F62D0000,12000000,4C000000,67140000,180E0000,CA0B0000,77FFFFFF,98FFFFFF
430C225C00000000,35B7A601,F0AAC633,F62D0000,12000000,4C000000,67140000,290E0000,D80B0000,77FFFFFF,98FFFFFF
A80C225C00000000,48B7A601,FEAAC633,F62D0000,12000000,4C000000,67140000,3B0E0000,E70B0000,76FFFFFF,98FFFFFF
0B0D225C00000000,59B7A601,0CABC633,F62D0000,12000000,4C000000,66140000,4C0E0000,F60B0000,75FFFFFF,97FFFFFF
6F0D225C00000000,6BB7A601,1AABC633,F62D0000,12000000,4C000000,66140000,5D0E0000,040C0000,74FFFFFF,97FFFFFF
D50D225C00000000,7EB7A601,28ABC633,F62D0000,12000000,4C000000,66140000,6F0E0000,130C0000,73FFFFFF,97FFFFFF
380E225C00000000,90B7A601,36ABC633,F62D0000,12000000,4C000000,66140000,810E0000,220C0000,71FFFFFF,97FFFFFF
9B0E225C00000000,A2B7A601,45ABC633,F62D0000,12000000,4C000000,66140000,930E0000,310C0000,70FFFFFF,97FFFFFF
010F225C00000000,B5B7A601,53ABC633,F62D0000,12000000,4C000000,66140000,A40E0000,400C0000,6FFFFFFF,97FFFFFF
630F225C00000000,C7B7A601,61ABC633,F62D0000,12000000,4C000000,66140000,B60E0000,4E0C0000,6EFFFFFF,97FFFFFF
CA0F225C00000000,D9B7A601,6FABC633,F62D0000,12000000,4C000000,66140000,C80E0000,5D0C0000,6DFFFFFF,97FFFFFF
2C10225C00000000,EBB7A601,7DABC633,F62D0000,12000000,4C000000,65140000,D90E0000,6C0C0000,6CFFFFFF,96FFFFFF
9210225C00000000,FDB7A601,8BABC633,F62D0000,12000000,4C000000,65140000,EB0E0000,7A0C0000,6BFFFFFF,96FFFFFF
F610225C00000000,10B8A601,99ABC633,F62D0000,12000000,4C000000,65140000,FD0E0000,8A0C0000,6AFFFFFF,96FFFFFF
5911225C00000000,22B8A601,A7ABC633,F62D0000,12000000,4C000000,65140000,0E0F0000,980C0000,69FFFFFF,96FFFFFF
BF11225C00000000,34B8A601,B5ABC633,F62D0000,12000000,4C000000,65140000,200F0000,A70C0000,68FFFFFF,96FFFFFF
2212225C00000000,46B8A601,C4ABC633,F62D0000,12000000,4C000000,65140000,320F0000,B60C0000,67FFFFFF,96FFFFFF
8512225C00000000,58B8A601,D2ABC633,F62D0000,12000000,4C000000,64140000,430F0000,C50C0000,66FFFFFF,95FFFFFF
EA12225C00000000,6BB8A601,E0ABC633,F62D0000,12000000,4C000000,64140000,550F0000,D40C0000,65FFFFFF,95FFFFFF
4E13225C00000000,7DB8A601,EEABC633,F62D0000,12000000,4C000000,64140000,670F0000,E20C0000,64FFFFFF,95FFFFFF
B313225C00000000,8FB8A601,FCABC633,F62D0000,12000000,4C000000,64140000,790F0000,F10C0000,63FFFFFF,95FFFFFF
1714225C00000000,A2B8A601,0BACC633,F62D0000,12000000,4C000000,63140000,8B0F0000,000D0000,62FFFFFF,94FFFFFF
7914225C00000000,B5B8A601,19ACC633,F62D0000,12000000,4C000000,64140000,9E0F0000,0F0D0000,61FFFFFF,95FFFFFF
DF14225C00000000,CAB8A601,29ACC633,F62D0000,12000000,4C000000,63140000,B30F0000,1F0D0000,60FFFFFF,94FFFFFF
4315225C00000000,DDB8A601,38ACC633,F62D0000,12000000,4C000000,63140000,C60F0000,2E0D0000,5FFFFFFF,94FFFFFF
A915225C00000000,F1B8A601,48ACC633,F62D0000,12000000,4C000000,63140000,DB0F0000,3D0D0000,5EFFFFFF,94FFFFFF
0C16225C00000000,06B9A601,58ACC633,F62D0000,12000000,4C000000,63140000,F00F0000,4B0D0000,5DFFFFFF,94FFFFFF
6F16225C00000000,1AB9A601,68ACC633,F62D0000,12000000,4C000000,63140000,06100000,5A0D0000,5DFFFFFF,94FFFFFF
D516225C00000000,31B9A601,79ACC633,F62D0000,12000000,4C000000,63140000,1E100000,690D0000,5CFFFFFF,94FFFFFF
3817225C00000000,47B9A601,8BACC633,F62D0000,12000000,4C000000,63140000,36100000,780D0000,5BFFFFFF,94FFFFFF
9B17225C00000000,5EB9A601,9DACC633,F62D0000,12000000,4C000000,63140000,4F100000,870D0000,5BFFFFFF,94FFFFFF
0118225C00000000,76B9A601,AFACC633,F62D0000,12000000,4C000000,63140000,6A100000,960D0000,5BFFFFFF,94FFFFFF
6418225C00000000,8FB9A601,C2ACC633,F62D0000,12000000,4C000000,63140000,85100000,A50D0000,5BFFFFFF,94FFFFFF
C918225C00000000,A8B9A601,D6ACC633,F62D0000,12000000,4C000000,63140000,A1100000,B40D0000,5AFFFFFF,94FFFFFF
2C19225C00000000,C1B9A601,E9ACC633,F62D0000,12000000,4C000000,62140000,BD100000,C30D0000,5AFFFFFF,93FFFFFF
9019225C00000000,DAB9A601,FDACC633,F62D0000,12000000,4C000000,63140000,D9100000,D20D0000,5BFFFFFF,94FFFFFF
F519225C00000000,F3B9A601,10ADC633,F62D0000,12000000,4C000000,62140000,F5100000,E10D0000,5BFFFFFF,93FFFFFF
591A225C00000000,0CBAA601,24ADC633,F62D0000,12000000,4C000000,64140000,11110000,EF0D0000,5BFFFFFF,95FFFFFF
BF1A225C00000000,25BAA601,37ADC633,F62D0000,12000000,4C000000,67140000,2D110000,FF0D0000,5CFFFFFF,98FFFFFF
221B225C00000000,3EBAA601,4BADC633,F62D0000,12000000,4C000000,66140000,49110000,0D0E0000,5CFFFFFF,97FFFFFF
851B225C00000000,57BAA601,5EADC633,F62D0000,12000000,4C000000,65140000,65110000,1D0E0000,5DFFFFFF,96FFFFFF
EB1B225C00000000,71BAA601,72ADC633,F62D0000,12000000,4C000000,69140000,81110000,2C0E0000,5EFFFFFF,9AFFFFFF
4E1C225C00000000,8ABAA601,85ADC633,F62D0000,12000000,4C000000,6B140000,9D110000,3A0E0000,5FFFFFFF,9CFFFFFF
B11C225C00000000,A3BAA601,98ADC633,F62D0000,12000000,4C000000,6A140000,B9110000,490E0000,60FFFFFF,9BFFFFFF
161D225C00000000,BCBAA601,ACADC633,F62D0000,12000000,4C000000,6A140000,D5110000,580E0000,60FFFFFF,9BFFFFFF
7A1D225C00000000,D5BAA601,BFADC633,F62D0000,12000000,4C000000,6B140000,F1110000,670E0000,61FFFFFF,9CFFFFFF
DF1D225C00000000,EEBAA601,D3ADC633,F62D0000,12000000,4C000000,6B140000,0D120000,770E0000,62FFFFFF,9CFFFFFF
431E225C00000000,07BBA601,E6ADC633,F62D0000,12000000,4C000000,6E140000,29120000,860E0000,63FFFFFF,9FFFFFFF
A61E225C00000000,20BBA601,FAADC633,F62D0000,12000000,4C000000,71140000,45120000,950E0000,64FFFFFF,A2FFFFFF
0C1F225C00000000,3ABBA601,0DAEC633,F62D0000,12000000,4C000000,6E140000,61120000,A40E0000,64FFFFFF,9FFFFFFF
6F1F225C00000000,53BBA601,21AEC633,F62D0000,12000000,4C000000,70140000,7D120000,B30E0000,65FFFFFF,A1FFFFFF
D41F225C00000000,6CBBA601,34AEC633,F62D0000,12000000,4C000000,6F140000,99120000,C20E0000,66FFFFFF,A0FFFFFF
3820225C00000000,85BBA601,47AEC633,F62D0000,12000000,4C000000,6C140000,B5120000,D10E0000,67FFFFFF,9DFFFFFF
9B20225C00000000,9EBBA601,5BAEC633,F62D0000,12000000,4C000000,6D140000,D1120000,E00E0000,67FFFFFF,9EFFFFFF
0121225C00000000,B8BBA601,6EAEC633,F62D0000,12000000,4C000000,6D140000,ED120000,EF0E0000,68FFFFFF,9EFFFFFF
6421225C00000000,D1BBA601,82AEC633,F62D0000,12000000,4C000000,66140000,09130000,FE0E0000,68FFFFFF,97FFFFFF
C721225C00000000,EABBA601,95AEC633,F62D0000,12000000,4C000000,65140000,25130000,0D0F0000,68FFFFFF,96FFFFFF
2D22225C00000000,03BCA601,A9AEC633,F62D0000,12000000,4C000000,67140000,41130000,1C0F0000,68FFFFFF,98FFFFFF
9022225C00000000,1CBCA601,BCAEC633,F62D0000,12000000,4C000000,61140000,5D130000,2B0F0000,69FFFFFF,92FFFFFF
F522225C00000000,34BCA601,CFAEC633,F62D0000,12000000,4C000000,5D140000,78130000,3A0F0000,69FFFFFF,8EFFFFFF
5A23225C00000000,4DBCA601,E2AEC633,F62D0000,12000000,4C000000,54140000,94130000,480F0000,68FFFFFF,85FFFFFF
BC23225C00000000,65BCA601,F6AEC633,F62D0000,12000000,4C000000,51140000,AF130000,570F0000,68FFFFFF,82FFFFFF
2224225C00000000,7FBCA601,09AFC633,F62D0000,12000000,4C000000,59140000,CB130000,680F0000,68FFFFFF,8AFFFFFF
8524225C00000000,97BCA601,1CAFC633,F62D0000,12000000,4C000000,55140000,E6130000,770F0000,68FFFFFF,86FFFFFF
EB24225C00000000,B0BCA601,30AFC633,F62D0000,12000000,4C000000,55140000,02140000,860F0000,68FFFFFF,86FFFFFF
4E25225C00000000,C9BCA601,43AFC633,F62D0000,12000000,4C000000,56140000,1D140000,940F0000,68FFFFFF,87FFFFFF
B125225C00000000,E1BCA601,56AFC633,F62D0000,12000000,4C000000,51140000,39140000,A30F0000,66FFFFFF,82FFFFFF
1726225C00000000,FABCA601,6AAFC633,F62D0000,12000000,4C000000,4C140000,55140000,B20F0000,65FFFFFF,7DFFFFFF
7A26225C00000000,14BDA601,7DAFC633,F62D0000,12000000,4C000000,4B140000,71140000,C10F0000,65FFFFFF,7CFFFFFF
DD26225C00000000,2DBDA601,91AFC633,F62D0000,12000000,4C000000,4A140000,8D140000,D00F0000,65FFFFFF,7BFFFFFF
4027225C00000000,45BDA601,A5AFC633,F62D0000,12000000,4C000000,48140000,A9140000,DF0F0000,64FFFFFF,79FFFFFF
A627225C00000000,5EBDA601,B8AFC633,F62D0000,12000000,4C000000,43140000,C5140000,ED0F0000,62FFFFFF,74FFFFFF
0C28225C00000000,77BDA601,CCAFC633,F62D0000,12000000,4C000000,42140000,E1140000,FC0F0000,61FFFFFF,73FFFFFF
6F28225C00000000,90BDA601,DFAFC633,F62D0000,12000000,4C000000,42140000,FD140000,0B100000,61FFFFFF,73FFFFFF
D228225C00000000,A9BDA601,F3AFC633,F62D0000,12000000,4C000000,43140000,19150000,19100000,60FFFFFF,74FFFFFF
3829225C00000000,C2BDA601,06B0C633,F62D0000,12000000,4C000000,41140000,35150000,28100000,5FFFFFFF,72FFFFFF
9B29225C00000000,DBBDA601,1AB0C633,F62D0000,12000000,4C000000,3C140000,51150000,37100000,5EFFFFFF,6DFFFFFF
012A225C00000000,F4BDA601,2DB0C633,F62D0000,12000000,4C000000,3A140000,6D150000,46100000,5DFFFFFF,6BFFFFFF
642A225C00000000,0CBEA601,41B0C633,F62D0000,12000000,4C000000,3A140000,89150000,55100000,5BFFFFFF,6BFFFFFF
C72A225C00000000,25BEA601,54B0C633,F62D0000,12000000,4C000000,38140000,A4150000,63100000,5AFFFFFF,69FFFFFF
2D2B225C00000000,3EBEA601,68B0C633,F62D0000,12000000,4C000000,33140000,C0150000,72100000,58FFFFFF,64FFFFFF
902B225C00000000,56BEA601,7BB0C633,F62D0000,12000000,4C000000,30140000,DC150000,81100000,56FFFFFF,61FFFFFF
F42B225C00000000,6FBEA601,8FB0C633,F62D0000,12000000,4C000000,2D140000,F8150000,8F100000,54FFFFFF,5EFFFFFF
592C225C00000000,88BEA601,A2B0C633,F62D0000,12000000,4C000000,29140000,14160000,9E100000,52FFFFFF,5AFFFFFF
BC2C225C00000000,A0BEA601,B6B0C633,F62D0000,12000000,4C000000,25140000,30160000,AC100000,50FFFFFF,56FFFFFF
222D225C00000000,B9BEA601,CAB0C633,F62D0000,12000000,4C000000,21140000,4C160000,BB100000,4EFFFFFF,52FFFFFF
852D225C00000000,D2BEA601,DDB0C633,F62D0000,12000000,4C000000,1C140000,68160000,C9100000,4CFFFFFF,4DFFFFFF
E82D225C00000000,EABEA601,F1B0C633,F62D0000,12000000,4C000000,17140000,84160000,D8100000,4AFFFFFF,48FFFFFF
4E2E225C00000000,03BFA601,04B1C633,F62D0000,12000000,4C000000,14140000,A0160000,E6100000,48FFFFFF,45FFFFFF
B12E225C00000000,1BBFA601,18B1C633,F62D0000,12000000,4C000000,13140000,BC160000,F4100000,45FFFFFF,44FFFFFF
172F225C00000000,34BFA601,2CB1C633,F62D0000,12000000,4C000000,10140000,D8160000,02110000,43FFFFFF,41FFFFFF
7A2F225C00000000,4CBFA601,3FB1C633,F62D0000,12000000,4C000000,0E140000,F4160000,11110000,41FFFFFF,3FFFFFFF
DD2F225C00000000,65BFA601,53B1C633,F62D0000,12000000,4C000000,0C140000,10170000,1F110000,3FFFFFFF,3DFFFFFF
4130225C00000000,7DBFA601,66B1C633,F62D0000,12000000,4C000000,09140000,2B170000,2D110000,3DFFFFFF,3AFFFFFF
A630225C00000000,96BFA601,7AB1C633,F62D0000,12000000,4C000000,07140000,47170000,3C110000,3AFFFFFF,38FFFFFF
0931225C00000000,AEBFA601,8DB1C633,F62D0000,12000000,4C000000,03140000,63170000,4A110000,38FFFFFF,34FFFFFF
6F31225C00000000,C6BFA601,A1B1C633,F62D0000,12000000,4C000000,FE130000,7F170000,58110000,35FFFFFF,2FFFFFFF
D331225C00000000,DEBFA601,B4B1C633,F62D0000,12000000,4C000000,F5130000,9A170000,66110000,32FFFFFF,26FFFFFF
3832225C00000000,F6BFA601,C7B1C633,F62D0000,12000000,4C000000,ED130000,B5170000,73110000,2FFFFFFF,1EFFFFFF
9B32225C00000000,0EC0A601,DBB1C633,F62D0000,12000000,4C000000,E6130000,D1170000,81110000,2CFFFFFF,17FFFFFF
FE32225C00000000,25C0A601,EEB1C633,F62D0000,12000000,4C000000,DE130000,EB170000,8F110000,29FFFFFF,0FFFFFFF
6433225C00000000,3CC0A601,01B2C633,F62D0000,12000000,4C000000,D6130000,06180000,9D110000,26FFFFFF,07FFFFFF
C733225C00000000,53C0A601,14B2C633,F62D0000,12000000,4C000000,CD130000,21180000,AA110000,22FFFFFF,FEFEFFFF
2D34225C00000000,6AC0A601,27B2C633,F62D0000,12000000,4C000000,C6130000,3C180000,B7110000,1EFFFFFF,F7FEFFFF
9134225C00000000,81C0A601,39B2C633,F62D0000,12000000,4C000000,BF130000,56180000,C4110000,1BFFFFFF,F0FEFFFF
F434225C00000000,98C0A601,4CB2C633,F62D0000,12000000,4C000000,B5130000,70180000,D1110000,17FFFFFF,E6FEFFFF
5635225C00000000,AEC0A601,5FB2C633,F62D0000,12000000,4C000000,AC130000,8B180000,DE110000,13FFFFFF,DDFEFFFF
BC35225C00000000,C4C0A601,71B2C633,F62D0000,12000000,4C000000,A4130000,A4180000,EB110000,0FFFFFFF,D5FEFFFF
2036225C00000000,DAC0A601,83B2C633,F62D0000,12000000,4C000000,9D130000,BE180000,F7110000,0BFFFFFF,CEFEFFFF
8536225C00000000,F0C0A601,95B2C633,F62D0000,12000000,4C000000,93130000,D7180000,04120000,07FFFFFF,C4FEFFFF
E836225C00000000,05C1A601,A7B2C633,F62D0000,12000000,4C000000,8C130000,F1180000,10120000,03FFFFFF,BDFEFFFF
4F37225C00000000,1BC1A601,B9B2C633,F62D0000,12000000,4C000000,86130000,0A190000,1D120000,FEFEFFFF,B7FEFFFF
B137225C00000000,30C1A601,CBB2C633,F62D0000,12000000,4C000000,80130000,23190000,29120000,FAFEFFFF,B1FEFFFF
1138225C00000000,45C1A601,DCB2C633,F62D0000,12000000,4C000000,7B130000,3B190000,35120000,F6FEFFFF,ACFEFFFF
7B38225C00000000,59C1A601,EEB2C633,F62D0000,12000000,4C000000,75130000,52190000,41120000,F1FEFFFF,A6FEFFFF
DD38225C00000000,6DC1A601,FEB2C633,F62D0000,12000000,4C000000,70130000,69190000,4D120000,ECFEFFFF,A1FEFFFF
4439225C00000000,80C1A601,0FB3C633,F62D0000,12000000,4C000000,6D130000,80190000,59120000,E7FEFFFF,9EFEFFFF
A639225C00000000,93C1A601,1FB3C633,F62D0000,12000000,4C000000,6A130000,95190000,65120000,E3FEFFFF,9BFEFFFF
0A3A225C00000000,A5C1A601,2EB3C633,F62D0000,12000000,4C000000,67130000,AA190000,70120000,DEFEFFFF,98FEFFFF
6F3A225C00000000,B7C1A601,3DB3C633,F62D0000,12000000,4C000000,63130000,BF190000,7C120000,D9FEFFFF,94FEFFFF
D23A225C00000000,C9C1A601,4CB3C633,F62D0000,12000000,4C000000,60130000,D2190000,88120000,D3FEFFFF,91FEFFFF
353B225C00000000,DAC1A601,5BB3C633,F62D0000,12000000,4C000000,60130000,E5190000,94120000,CEFEFFFF,91FEFFFF
9C3B225C00000000,EAC1A601,69B3C633,F62D0000,12000000,4C000000,5E130000,F8190000,9F120000,C8FEFFFF,8FFEFFFF
FE3B225C00000000,FAC1A601,77B3C633,F62D0000,12000000,4C000000,5F130000,091A0000,AB120000,C3FEFFFF,90FEFFFF
643C225C00000000,0AC2A601,84B3C633,F62D0000,12000000,4C000000,5E130000,1A1A0000,B7120000,BDFEFFFF,8FFEFFFF
C73C225C00000000,19C2A601,91B3C633,F62D0000,12000000,4C000000,5F130000,2A1A0000,C3120000,B7FEFFFF,90FEFFFF
273D225C00000000,29C2A601,9EB3C633,F62D0000,12000000,4C000000,60130000,3A1A0000,CF120000,B0FEFFFF,91FEFFFF
903D225C00000000,37C2A601,ABB3C633,F62D0000,12000000,4C000000,61130000,491A0000,DC120000,AAFEFFFF,92FEFFFF
F33D225C00000000,45C2A601,B6B3C633,F62D0000,12000000,4C000000,62130000,561A0000,E7120000,A3FEFFFF,93FEFFFF
5A3E225C00000000,52C2A601,C1B3C633,F62D0000,12000000,4C000000,63130000,631A0000,F3120000,9CFEFFFF,94FEFFFF
BD3E225C00000000,5FC2A601,CCB3C633,F62D0000,12000000,4C000000,64130000,6F1A0000,FF120000,95FEFFFF,95FEFFFF
1F3F225C00000000,6BC2A601,D7B3C633,F62D0000,12000000,4C000000,67130000,7A1A0000,0B130000,8EFEFFFF,98FEFFFF
853F225C00000000,77C2A601,E1B3C633,F62D0000,12000000,4C000000,69130000,841A0000,17130000,87FEFFFF,9AFEFFFF
E83F225C00000000,82C2A601,EAB3C633,F62D0000,12000000,4C000000,6C130000,8C1A0000,23130000,80FEFFFF,9DFEFFFF
4C40225C00000000,8EC2A601,F4B3C633,F62D0000,12000000,4C000000,6F130000,941A0000,30130000,78FEFFFF,A0FEFFFF
B140225C00000000,98C2A601,FDB3C633,F62D0000,12000000,4C000000,74130000,9B1A0000,3C130000,71FEFFFF,A5FEFFFF
1441225C00000000,A3C2A601,06B4C633,F62D0000,12000000,4C000000,76130000,A11A0000,48130000,69FEFFFF,A7FEFFFF
7B41225C00000000,ADC2A601,0EB4C633,F62D0000,12000000,4C000000,79130000,A61A0000,55130000,61FEFFFF,AAFEFFFF
DE41225C00000000,B7C2A601,17B4C633,F62D0000,12000000,4C000000,7F130000,AA1A0000,61130000,59FEFFFF,B0FEFFFF
3F42225C00000000,C1C2A601,1FB4C633,F62D0000,12000000,4C000000,84130000,AD1A0000,6E130000,52FEFFFF,B5FEFFFF
A642225C00000000,CBC2A601,28B4C633,F62D0000,12000000,4C000000,89130000,AF1A0000,7B130000,4AFEFFFF,BAFEFFFF
0A43225C00000000,D5C2A601,30B4C633,F62D0000,12000000,4C000000,8A130000,B01A0000,88130000,42FEFFFF,BBFEFFFF
7043225C00000000,DFC2A601,39B4C633,F62D0000,12000000,4C000000,8A130000,B11A0000,95130000,39FEFFFF,BBFEFFFF
D243225C00000000,E9C2A601,41B4C633,F62D0000,12000000,4C000000,88130000,B01A0000,A2130000,31FEFFFF,B9FEFFFF
3544225C00000000,F3C2A601,49B4C633,F62D0000,12000000,4C000000,83130000,AF1A0000,AE130000,28FEFFFF,B4FEFFFF
9C44225C00000000,FDC2A601,51B4C633,F62D0000,12000000,4C000000,7E130000,AD1A0000,BB130000,1FFEFFFF,AFFEFFFF
FC44225C00000000,06C3A601,59B4C633,F62D0000,12000000,4C000000,7A130000,AA1A0000,C7130000,17FEFFFF,ABFEFFFF
6145225C00000000,10C3A601,62B4C633,F62D0000,12000000,4C000000,77130000,A71A0000,D4130000,0EFEFFFF,A8FEFFFF
C745225C00000000,1AC3A601,6AB4C633,F62D0000,12000000,4C000000,74130000,A41A0000,E0130000,05FEFFFF,A5FEFFFF
2A46225C00000000,24C3A601,72B4C633,F62D0000,12000000,4C000000,71130000,A01A0000,ED130000,FDFDFFFF,A2FEFFFF
9046225C00000000,2EC3A601,7BB4C633,F62D0000,12000000,4C000000,70130000,9B1A0000,F9130000,F4FDFFFF,A1FEFFFF
F346225C00000000,38C3A601,84B4C633,F62D0000,12000000,4C000000,6F130000,961A0000,06140000,EBFDFFFF,A0FEFFFF
5747225C00000000,43C3A601,8DB4C633,F62D0000,12000000,4C000000,6E130000,911A0000,12140000,E2FDFFFF,9FFEFFFF
BA47225C00000000,4EC3A601,96B4C633,F62D0000,12000000,4C000000,6D130000,8B1A0000,1F140000,D9FDFFFF,9EFEFFFF
2048225C00000000,58C3A601,9EB4C633,F62D0000,12000000,4C000000,6C130000,851A0000,2B140000,D0FDFFFF,9DFEFFFF
8548225C00000000,63C3A601,A8B4C633,F62D0000,12000000,4C000000,6A130000,7E1A0000,38140000,C7FDFFFF,9BFEFFFF
E848225C00000000,6DC3A601,B1B4C633,F62D0000,12000000,4C000000,68130000,781A0000,44140000,BFFDFFFF,99FEFFFF
4C49225C00000000,78C3A601,BAB4C633,F62D0000,12000000,4C000000,67130000,711A0000,50140000,B6FDFFFF,98FEFFFF
B249225C00000000,83C3A601,C3B4C633,F62D0000,12000000,4C000000,68130000,691A0000,5D140000,ADFDFFFF,99FEFFFF
144A225C00000000,8FC3A601,CDB4C633,F62D0000,12000000,4C000000,6B130000,621A0000,6A140000,A4FDFFFF,9CFEFFFF
774A225C00000000,9AC3A601,D6B4C633,F62D0000,12000000,4C000000,72130000,5A1A0000,76140000,9BFDFFFF,A3FEFFFF
DB4A225C00000000,A6C3A601,E0B4C633,F62D0000,12000000,4C000000,79130000,511A0000,83140000,91FDFFFF,AAFEFFFF
414B225C00000000,B2C3A601,EBB4C633,F62D0000,12000000,4C000000,81130000,481A0000,90140000,88FDFFFF,B2FEFFFF
A64B225C00000000,BEC3A601,F5B4C633,F62D0000,12000000,4C000000,8B130000,3F1A0000,9E140000,7FFDFFFF,BCFEFFFF
0A4C225C00000000,CBC3A601,00B5C633,F62D0000,12000000,4C000000,96130000,351A0000,AB140000,76FDFFFF,C7FEFFFF
6D4C225C00000000,D9C3A601,0BB5C633,F62D0000,12000000,4C000000,A2130000,2A1A0000,B9140000,6CFDFFFF,D3FEFFFF
D34C225C00000000,E7C3A601,16B5C633,F62D0000,12000000,4C000000,B4130000,1F1A0000,C7140000,63FDFFFF,E5FEFFFF
364D225C00000000,F5C3A601,22B5C633,F62D0000,12000000,4C000000,C9130000,141A0000,D5140000,5AFDFFFF,FAFEFFFF
9C4D225C00000000,03C4A601,2EB5C633,F62D0000,12000000,4C000000,E4130000,081A0000,E4140000,51FDFFFF,15FFFFFF
FF4D225C00000000,12C4A601,3AB5C633,F62D0000,12000000,4C000000,04140000,FC190000,F3140000,48FDFFFF,35FFFFFF
614E225C00000000,22C4A601,47B5C633,F62D0000,12000000,4C000000,29140000,EF190000,03150000,3EFDFFFF,5AFFFFFF
C84E225C00000000,33C4A601,54B5C633,F62D0000,12000000,4C000000,4D140000,E1190000,13150000,34FDFFFF,7EFFFFFF
2B4F225C00000000,45C4A601,62B5C633,F62D0000,12000000,4C000000,6D140000,D3190000,25150000,2AFDFFFF,9EFFFFFF
8D4F225C00000000,58C4A601,70B5C633,F62D0000,12000000,4C000000,98140000,C3190000,36150000,20FDFFFF,C9FFFFFF
F24F225C00000000,6BC4A601,7FB5C633,F62D0000,12000000,4C000000,C3140000,B3190000,49150000,17FDFFFF,F4FFFFFF
5750225C00000000,80C4A601,8EB5C633,F62D0000,12000000,4C000000,EB140000,A2190000,5C150000,0DFDFFFF,1B000000
BC50225C00000000,95C4A601,9DB5C633,F62D0000,12000000,4C000000,15150000,90190000,6F150000,03FDFFFF,45000000
2051225C00000000,ABC4A601,ADB5C633,F62D0000,12000000,4C000000,48150000,7E190000,83150000,F9FCFFFF,78000000
8351225C00000000,C3C4A601,BDB5C633,F62D0000,12000000,4C000000,7C150000,6B190000,98150000,EEFCFFFF,AC000000
E851225C00000000,DBC4A601,CEB5C633,F62D0000,12000000,4C000000,B5150000,57190000,AE150000,E4FCFFFF,E5000000
4B52225C00000000,F4C4A601,DFB5C633,F62D0000,12000000,4C000000,F0150000,42190000,C5150000,DAFCFFFF,20010000
AF52225C00000000,0FC5A601,F1B5C633,F62D0000,12000000,4C000000,27160000,2D190000,DC150000,CFFCFFFF,57010000
1553225C00000000,2AC5A601,02B6C633,F62D0000,12000000,4C000000,5E160000,17190000,F4150000,C5FCFFFF,8E010000
7753225C00000000,45C5A601,13B6C633,F62D0000,12000000,4C000000,94160000,01190000,0C160000,BBFCFFFF,C4010000
DB53225C00000000,63C5A601,25B6C633,F62D0000,12000000,4C000000,C9160000,EA180000,25160000,B0FCFFFF,F9010000
4154225C00000000,80C5A601,37B6C633,F62D0000,12000000,4C000000,FB160000,D3180000,3E160000,A5FCFFFF,2B020000
A354225C00000000,9EC5A601,49B6C633,F62D0000,12000000,4C000000,22170000,BA180000,57160000,9BFCFFFF,52020000
0A55225C00000000,BDC5A601,5BB6C633,F62D0000,12000000,4C000000,3E170000,A1180000,71160000,91FCFFFF,6E020000
6D55225C00000000,DBC5A601,6DB6C633,F62D0000,12000000,4C000000,4E170000,88180000,89160000,86FCFFFF,7E020000
D355225C00000000,FAC5A601,7FB6C633,F62D0000,12000000,4C000000,51170000,6F180000,A2160000,7CFCFFFF,81020000
3656225C00000000,18C6A601,90B6C633,F62D0000,12000000,4C000000,4E170000,56180000,BA160000,72FCFFFF,7E020000
9756225C00000000,35C6A601,A1B6C633,F62D0000,12000000,4C000000,42170000,3D180000,D2160000,67FCFFFF,72020000
FE56225C00000000,53C6A601,B3B6C633,F62D0000,12000000,4C000000,1F170000,23180000,E9160000,5CFCFFFF,4F020000
6257225C00000000,6FC6A601,C4B6C633,F62D0000,12000000,4C000000,EE160000,0B180000,FE160000,51FCFFFF,1E020000
C857225C00000000,8AC6A601,D5B6C633,F62D0000,12000000,4C000000,B5160000,F1170000,13170000,47FCFFFF,E5010000
2A58225C00000000,A5C6A601,E6B6C633,F62D0000,12000000,4C000000,75160000,D9170000,26170000,3DFCFFFF,A5010000
8E58225C00000000,BFC6A601,F7B6C633,F62D0000,12000000,4C000000,2A160000,C0170000,39170000,33FCFFFF,5A010000
F458225C00000000,D7C6A601,08B7C633,F62D0000,12000000,4C000000,C5150000,A7170000,4A170000,29FCFFFF,F5000000
5459225C00000000,EFC6A601,18B7C633,F62D0000,12000000,4C000000,4E150000,8F170000,59170000,1FFCFFFF,7E000000
B959225C00000000,04C7A601,29B7C633,F62D0000,12000000,4C000000,C9140000,77170000,66170000,15FCFFFF,FAFFFFFF
205A225C00000000,19C7A601,39B7C633,F62D0000,12000000,4C000000,35140000,5F170000,70170000,0BFCFFFF,66FFFFFF
835A225C00000000,2DC7A601,49B7C633,F62D0000,12000000,4C000000,9F130000,47170000,79170000,02FCFFFF,D0FEFFFF
E85A225C00000000,3FC7A601,5AB7C633,F62D0000,12000000,4C000000,05130000,30170000,80170000,F8FBFFFF,36FEFFFF
4C5B225C00000000,50C7A601,6AB7C633,F62D0000,12000000,4C000000,74120000,19170000,85170000,EFFBFFFF,A5FDFFFF
AF5B225C00000000,61C7A601,7AB7C633,F62D0000,12000000,4C000000,E0110000,02170000,8A170000,E5FBFFFF,11FDFFFF
155C225C00000000,71C7A601,8BB7C633,F62D0000,12000000,4C000000,51110000,EB160000,8E170000,DBFBFFFF,82FCFFFF
775C225C00000000,81C7A601,9BB7C633,F62D0000,12000000,4C000000,D6100000,D4160000,91170000,D1FBFFFF,07FCFFFF
DE5C225C00000000,90C7A601,ACB7C633,F62D0000,12000000,4C000000,70100000,BE160000,95170000,C6FBFFFF,A1FBFFFF
415D225C00000000,9FC7A601,BDB7C633,F62D0000,12000000,4C000000,20100000,A8160000,9A170000,BBFBFFFF,51FBFFFF
A45D225C00000000,AEC7A601,CEB7C633,F62D0000,12000000,4C000000,E20F0000,92160000,A0170000,B0FBFFFF,13FBFFFF
0A5E225C00000000,BDC7A601,E0B7C633,F62D0000,12000000,4C000000,B20F0000,7C160000,A7170000,A5FBFFFF,E3FAFFFF
6A5E225C00000000,CCC7A601,F2B7C633,F62D0000,12000000,4C000000,950F0000,66160000,AE170000,99FBFFFF,C6FAFFFF
D05E225C00000000,DBC7A601,04B8C633,F62D0000,12000000,4C000000,890F0000,50160000,B7170000,8EFBFFFF,BAFAFFFF
365F225C00000000,EAC7A601,16B8C633,F62D0000,12000000,4C000000,8C0F0000,3A160000,C1170000,83FBFFFF,BDFAFFFF
995F225C00000000,FAC7A601,29B8C633,F62D0000,12000000,4C000000,9B0F0000,25160000,CD170000,78FBFFFF,CCFAFFFF
FF5F225C00000000,0AC8A601,3CB8C633,F62D0000,12000000,4C000000,AB0F0000,10160000,DB170000,6DFBFFFF,DCFAFFFF
6260225C00000000,1BC8A601,50B8C633,F62D0000,12000000,4C000000,BB0F0000,FB150000,EA170000,62FBFFFF,ECFAFFFF
C560225C00000000,2BC8A601,63B8C633,F62D0000,12000000,4C000000,CB0F0000,E6150000,F9170000,57FBFFFF,FCFAFFFF
2B61225C00000000,3DC8A601,78B8C633,F62D0000,12000000,4C000000,DC0F0000,D1150000,0B180000,4BFBFFFF,0DFBFFFF
8E61225C00000000,4FC8A601,8DB8C633,F62D0000,12000000,4C000000,F20F0000,BD150000,1C180000,40FBFFFF,23FBFFFF
F461225C00000000,61C8A601,A2B8C633,F62D0000,12000000,4C000000,0C100000,A8150000,2F180000,35FBFFFF,3DFBFFFF
5762225C00000000,74C8A601,B7B8C633,F62D0000,12000000,4C000000,2A100000,93150000,42180000,29FBFFFF,5BFBFFFF
BA62225C00000000,86C8A601,CCB8C633,F62D0000,12000000,4C000000,49100000,7F150000,55180000,1DFBFFFF,7AFBFFFF
2063225C00000000,9AC8A601,E2B8C633,F62D0000,12000000,4C000000,68100000,69150000,69180000,10FBFFFF,99FBFFFF
8363225C00000000,AEC8A601,F7B8C633,F62D0000,12000000,4C000000,86100000,55150000,7E180000,05FBFFFF,B7FBFFFF
E663225C00000000,C1C8A601,0CB9C633,F62D0000,12000000,4C000000,A3100000,41150000,93180000,F9FAFFFF,D4FBFFFF
4C64225C00000000,D5C8A601,22B9C633,F62D0000,12000000,4C000000,C0100000,2C150000,A8180000,EEFAFFFF,F1FBFFFF
AF64225C00000000,EAC8A601,38B9C633,F62D0000,12000000,4C000000,DE100000,18150000,BD180000,E2FAFFFF,0FFCFFFF
1565225C00000000,FEC8A601,4DB9C633,F62D0000,12000000,4C000000,FE100000,04150000,D4180000,D6FAFFFF,2FFCFFFF
7865225C00000000,13C9A601,63B9C633,F62D0000,12000000,4C000000,1C110000,F0140000,E9180000,CBFAFFFF,4DFCFFFF
DB65225C00000000,27C9A601,78B9C633,F62D0000,12000000,4C000000,39110000,DC140000,FF180000,C0FAFFFF,6AFCFFFF
4166225C00000000,3CC9A601,8EB9C633,F62D0000,12000000,4C000000,58110000,C7140000,16190000,B4FAFFFF,89FCFFFF
A466225C00000000,52C9A601,A3B9C633,F62D0000,12000000,4C000000,76110000,B4140000,2C190000,A8FAFFFF,A7FCFFFF
0A67225C00000000,67C9A601,B9B9C633,F62D0000,12000000,4C000000,93110000,9F140000,44190000,9CFAFFFF,C4FCFFFF
6D67225C00000000,7DC9A601,CEB9C633,F62D0000,12000000,4C000000,AF110000,8C140000,5A190000,91FAFFFF,E0FCFFFF
D067225C00000000,92C9A601,E3B9C633,F62D0000,12000000,4C000000,C7110000,78140000,72190000,85FAFFFF,F8FCFFFF
3668225C00000000,A9C9A601,F9B9C633,F62D0000,12000000,4C000000,E0110000,64140000,89190000,79FAFFFF,11FDFFFF
9568225C00000000,BEC9A601,0EBAC633,F62D0000,12000000,4C000000,F4110000,51140000,A0190000,6EFAFFFF,25FDFFFF
FC68225C00000000,D5C9A601,23BAC633,F62D0000,12000000,4C000000,07120000,3D140000,B8190000,62FAFFFF,38FDFFFF
6269225C00000000,EBC9A601,39BAC633,F62D0000,12000000,4C000000,1B120000,29140000,D0190000,56FAFFFF,4CFDFFFF
C569225C00000000,01CAA601,4EBAC633,F62D0000,12000000,4C000000,2D120000,15140000,E7190000,4AFAFFFF,5EFDFFFF
2C6A225C00000000,18CAA601,63BAC633,F62D0000,12000000,4C000000,42120000,01140000,FF190000,3EFAFFFF,73FDFFFF
8E6A225C00000000,2ECAA601,78BAC633,F62D0000,12000000,4C000000,56120000,ED130000,161A0000,33FAFFFF,87FDFFFF
F16A225C00000000,45CAA601,8DBAC633,F62D0000,12000000,4C000000,69120000,DA130000,2E1A0000,27FAFFFF,9AFDFFFF
556B225C00000000,5BCAA601,A2BAC633,F62D0000,12000000,4C000000,80120000,C6130000,451A0000,1BFAFFFF,B1FDFFFF
BA6B225C00000000,72CAA601,B6BAC633,F62D0000,12000000,4C000000,95120000,B3130000,5D1A0000,10FAFFFF,C6FDFFFF
206C225C00000000,89CAA601,CBBAC633,F62D0000,12000000,4C000000,AA120000,9F130000,751A0000,04FAFFFF,DBFDFFFF
826C225C00000000,9FCAA601,DFBAC633,F62D0000,12000000,4C000000,BF120000,8C130000,8C1A0000,F8F9FFFF,F0FDFFFF
E66C225C00000000,B6CAA601,F3BAC633,F62D0000,12000000,4C000000,D4120000,79130000,A41A0000,EDF9FFFF,05FEFFFF
4C6D225C00000000,CDCAA601,08BBC633,F62D0000,12000000,4C000000,EA120000,66130000,BC1A0000,E0F9FFFF,1BFEFFFF
AF6D225C00000000,E4CAA601,1CBBC633,F62D0000,12000000,4C000000,FF120000,53130000,D51A0000,D5F9FFFF,30FEFFFF
126E225C00000000,FBCAA601,30BBC633,F62D0000,12000000,4C000000,13130000,40130000,ED1A0000,C9F9FFFF,44FEFFFF
796E225C00000000,12CBA601,44BBC633,F62D0000,12000000,4C000000,2B130000,2E130000,051B0000,BEF9FFFF,5CFEFFFF
DB6E225C00000000,29CBA601,58BBC633,F62D0000,12000000,4C000000,3F130000,1C130000,1D1B0000,B2F9FFFF,70FEFFFF
416F225C00000000,40CBA601,6CBBC633,F62D0000,12000000,4C000000,4E130000,09130000,361B0000,A6F9FFFF,7FFEFFFF
A46F225C00000000,57CBA601,80BBC633,F62D0000,12000000,4C000000,5F130000,F7120000,4E1B0000,9AF9FFFF,90FEFFFF
0770225C00000000,6FCBA601,94BBC633,F62D0000,12000000,4C000000,6E130000,E3120000,671B0000,8EF9FFFF,9FFEFFFF
6C70225C00000000,87CBA601,A8BBC633,F62D0000,12000000,4C000000,7E130000,D0120000,7F1B0000,82F9FFFF,AFFEFFFF
D070225C00000000,9FCBA601,BCBBC633,F62D0000,12000000,4C000000,8D130000,BD120000,971B0000,76F9FFFF,BEFEFFFF
3571225C00000000,B7CBA601,D0BBC633,F62D0000,12000000,4C000000,9B130000,A8120000,AF1B0000,6AF9FFFF,CCFEFFFF
9871225C00000000,D0CBA601,E5BBC633,F62D0000,12000000,4C000000,A7130000,94120000,C71B0000,5EF9FFFF,D8FEFFFF
FC71225C00000000,E8CBA601,F9BBC633,F62D0000,12000000,4C000000,B3130000,7E120000,DF1B0000,52F9FFFF,E4FEFFFF
6172225C00000000,01CCA601,0EBCC633,F62D0000,12000000,4C000000,BE130000,69120000,F71B0000,45F9FFFF,EFFEFFFF
C572225C00000000,1BCCA601,23BCC633,F62D0000,12000000,4C000000,C6130000,52120000,0F1C0000,39F9FFFF,F7FEFFFF
2773225C00000000,35CCA601,38BCC633,F62D0000,12000000,4C000000,CE130000,3B120000,271C0000,2CF9FFFF,FFFEFFFF
8D73225C00000000,50CCA601,4DBCC633,F62D0000,12000000,4C000000,D6130000,22120000,401C0000,20F9FFFF,07FFFFFF
F073225C00000000,6ACCA601,63BCC633,F62D0000,12000000,4C000000,DE130000,0A120000,571C0000,13F9FFFF,0FFFFFFF
5674225C00000000,85CCA601,79BCC633,F62D0000,12000000,4C000000,E8130000,F0110000,6E1C0000,07F9FFFF,19FFFFFF
B974225C00000000,A0CCA601,8EBCC633,F62D0000,12000000,4C000000,F2130000,D7110000,861C0000,FAF8FFFF,23FFFFFF
1C75225C00000000,BBCCA601,A5BCC633,F62D0000,12000000,4C000000,FD130000,BC110000,9D1C0000,EDF8FFFF,2EFFFFFF
8175225C00000000,D7CCA601,BBBCC633,F62D0000,12000000,4C000000,06140000,A1110000,B51C0000,E0F8FFFF,37FFFFFF
E575225C00000000,F3CCA601,D1BCC633,F62D0000,12000000,4C000000,0F140000,86110000,CC1C0000,D3F8FFFF,40FFFFFF
4B76225C00000000,0FCDA601,E8BCC633,F62D0000,12000000,4C000000,23140000,6A110000,E31C0000,C5F8FFFF,54FFFFFF
AE76225C00000000,2CCDA601,FEBCC633,F62D0000,12000000,4C000000,3E140000,4E110000,FA1C0000,B9F8FFFF,6FFFFFFF
1277225C00000000,49CDA601,15BDC633,F62D0000,12000000,4C000000,60140000,32110000,121D0000,ACF8FFFF,91FFFFFF
7777225C00000000,66CDA601,2BBDC633,F62D0000,12000000,4C000000,8C140000,16110000,291D0000,9EF8FFFF,BDFFFFFF
DB77225C00000000,84CDA601,41BDC633,F62D0000,12000000,4C000000,C8140000,FA100000,421D0000,90F8FFFF,F9FFFFFF
3D78225C00000000,A2CDA601,58BDC633,F62D0000,12000000,4C000000,0A150000,DE100000,5B1D0000,83F8FFFF,3A000000
A378225C00000000,C2CDA601,6EBDC633,F62D0000,12000000,4C000000,58150000,C2100000,761D0000,75F8FFFF,88000000
0679225C00000000,E1CDA601,84BDC633,F62D0000,12000000,4C000000,A2150000,A6100000,901D0000,68F8FFFF,D2000000
6C79225C00000000,02CEA601,99BDC633,F62D0000,12000000,4C000000,EE150000,8A100000,AB1D0000,5AF8FFFF,1E010000
CF79225C00000000,22CEA601,AFBDC633,F62D0000,12000000,4C000000,34160000,6E100000,C61D0000,4DF8FFFF,64010000
327A225C00000000,44CEA601,C4BDC633,F62D0000,12000000,4C000000,76160000,52100000,E21D0000,3FF8FFFF,A6010000
987A225C00000000,65CEA601,D9BDC633,F62D0000,12000000,4C000000,BA160000,36100000,FE1D0000,31F8FFFF,EA010000
FC7A225C00000000,87CEA601,EDBDC633,F62D0000,12000000,4C000000,F5160000,1A100000,1A1E0000,23F8FFFF,25020000
627B225C00000000,A9CEA601,02BEC633,F62D0000,12000000,4C000000,27170000,FE0F0000,361E0000,15F8FFFF,57020000
C47B225C00000000,CBCEA601,16BEC633,F62D0000,12000000,4C000000,51170000,E20F0000,521E0000,08F8FFFF,81020000
287C225C00000000,EECEA601,29BEC633,F62D0000,12000000,4C000000,78170000,C60F0000,6E1E0000,FAF7FFFF,A8020000
8E7C225C00000000,10CFA601,3DBEC633,F62D0000,12000000,4C000000,9A170000,AA0F0000,8A1E0000,EDF7FFFF,CA020000
F07C225C00000000,33CFA601,50BEC633,F62D0000,12000000,4C000000,B5170000,8E0F0000,A61E0000,DEF7FFFF,E5020000
547D225C00000000,55CFA601,64BEC633,F62D0000,12000000,4C000000,C4170000,720F0000,C21E0000,D0F7FFFF,F4020000
B97D225C00000000,77CFA601,77BEC633,F62D0000,12000000,4C000000,CB170000,560F0000,DD1E0000,C2F7FFFF,FB020000
1C7E225C00000000,99CFA601,8ABEC633,F62D0000,12000000,4C000000,CB170000,3A0F0000,F91E0000,B5F7FFFF,FB020000
837E225C00000000,BBCFA601,9DBEC633,F62D0000,12000000,4C000000,C4170000,1E0F0000,141F0000,A6F7FFFF,F4020000
E67E225C00000000,DDCFA601,AFBEC633,F62D0000,12000000,4C000000,B4170000,020F0000,2E1F0000,99F7FFFF,E4020000
487F225C00000000,FECFA601,C2BEC633,F62D0000,12000000,4C000000,91170000,E60E0000,481F0000,8AF7FFFF,C1020000
AF7F225C00000000,1FD0A601,D5BEC633,F62D0000,12000000,4C000000,57170000,CA0E0000,611F0000,7CF7FFFF,87020000
1180225C00000000,3ED0A601,E8BEC633,F62D0000,12000000,4C000000,0A170000,AE0E0000,791F0000,6EF7FFFF,3A020000
7880225C00000000,5DD0A601,FBBEC633,F62D0000,12000000,4C000000,A1160000,920E0000,8F1F0000,60F7FFFF,D1010000
DA80225C00000000,79D0A601,0EBFC633,F62D0000,12000000,4C000000,21160000,760E0000,A31F0000,53F7FFFF,51010000
3D81225C00000000,94D0A601,21BFC633,F62D0000,12000000,4C000000,8C150000,5A0E0000,B51F0000,45F7FFFF,BC000000
A481225C00000000,AED0A601,34BFC633,F62D0000,12000000,4C000000,E5140000,3E0E0000,C41F0000,37F7FFFF,15000000
0682225C00000000,C6D0A601,47BFC633,F62D0000,12000000,4C000000,38140000,220E0000,D01F0000,29F7FFFF,69FFFFFF
6A82225C00000000,DCD0A601,5ABFC633,F62D0000,12000000,4C000000,81130000,060E0000,D91F0000,1DF7FFFF,B2FEFFFF
D082225C00000000,F1D0A601,6DBFC633,F62D0000,12000000,4C000000,C6120000,EB0D0000,E01F0000,0FF7FFFF,F7FDFFFF
3283225C00000000,05D1A601,80BFC633,F62D0000,12000000,4C000000,14120000,CF0D0000,E51F0000,02F7FFFF,45FDFFFF
9583225C00000000,19D1A601,93BFC633,F62D0000,12000000,4C000000,65110000,B40D0000,E91F0000,F4F6FFFF,96FCFFFF
FC83225C00000000,2BD1A601,A7BFC633,F62D0000,12000000,4C000000,CB100000,990D0000,EC1F0000,E7F6FFFF,FCFBFFFF
5F84225C00000000,3ED1A601,BCBFC633,F62D0000,12000000,4C000000,48100000,7E0D0000,F01F0000,D9F6FFFF,79FBFFFF
C484225C00000000,50D1A601,D1BFC633,F62D0000,12000000,4C000000,E20F0000,620D0000,F41F0000,CBF6FFFF,13FBFFFF
2485225C00000000,61D1A601,E6BFC633,F62D0000,12000000,4C000000,970F0000,470D0000,FA1F0000,BCF6FFFF,C8FAFFFF
8E85225C00000000,73D1A601,FCBFC633,F62D0000,12000000,4C000000,5D0F0000,2C0D0000,01200000,AEF6FFFF,8EFAFFFF
F085225C00000000,85D1A601,12C0C633,F62D0000,12000000,4C000000,400F0000,110D0000,09200000,9FF6FFFF,71FAFFFF
5386225C00000000,97D1A601,28C0C633,F62D0000,12000000,4C000000,320F0000,F60C0000,14200000,90F6FFFF,63FAFFFF
BA86225C00000000,AAD1A601,40C0C633,F62D0000,12000000,4C000000,310F0000,DB0C0000,21200000,80F6FFFF,62FAFFFF
1C87225C00000000,BED1A601,58C0C633,F62D0000,12000000,4C000000,3C0F0000,BF0C0000,30200000,70F6FFFF,6DFAFFFF
8087225C00000000,D3D1A601,72C0C633,F62D0000,12000000,4C000000,4A0F0000,A40C0000,41200000,60F6FFFF,7BFAFFFF
E587225C00000000,E8D1A601,8BC0C633,F62D0000,12000000,4C000000,630F0000,880C0000,53200000,50F6FFFF,94FAFFFF
4888225C00000000,FDD1A601,A5C0C633,F62D0000,12000000,4C000000,830F0000,6D0C0000,67200000,41F6FFFF,B4FAFFFF
AF88225C00000000,14D2A601,C0C0C633,F62D0000,12000000,4C000000,A10F0000,510C0000,7C200000,31F6FFFF,D2FAFFFF
1189225C00000000,2AD2A601,DAC0C633,F62D0000,12000000,4C000000,C80F0000,360C0000,91200000,20F6FFFF,F9FAFFFF
7489225C00000000,41D2A601,F4C0C633,F62D0000,12000000,4C000000,EE0F0000,1A0C0000,A6200000,10F6FFFF,1FFBFFFF
DA89225C00000000,58D2A601,0FC1C633,F62D0000,12000000,4C000000,1A100000,FF0B0000,BD200000,FFF5FFFF,4BFBFFFF
3D8A225C00000000,70D2A601,2AC1C633,F62D0000,12000000,4C000000,40100000,E30B0000,D4200000,EEF5FFFF,71FBFFFF
A48A225C00000000,88D2A601,44C1C633,F62D0000,12000000,4C000000,61100000,C80B0000,EB200000,DDF5FFFF,92FBFFFF
078B225C00000000,A0D2A601,5FC1C633,F62D0000,12000000,4C000000,88100000,AD0B0000,02210000,CDF5FFFF,B9FBFFFF
698B225C00000000,B8D2A601,79C1C633,F62D0000,12000000,4C000000,BD100000,910B0000,1A210000,BEF5FFFF,EEFBFFFF
D08B225C00000000,D2D2A601,94C1C633,F62D0000,12000000,4C000000,F4100000,760B0000,33210000,AEF5FFFF,25FCFFFF
338C225C00000000,EBD2A601,AFC1C633,F62D0000,12000000,4C000000,2A110000,5B0B0000,4B210000,9EF5FFFF,5BFCFFFF
968C225C00000000,05D3A601,C9C1C633,F62D0000,12000000,4C000000,60110000,400B0000,65210000,8DF5FFFF,91FCFFFF
FA8C225C00000000,20D3A601,E4C1C633,F62D0000,12000000,4C000000,96110000,250B0000,7F210000,7DF5FFFF,C7FCFFFF
5F8D225C00000000,3AD3A601,FDC1C633,F62D0000,12000000,4C000000,CB110000,0A0B0000,98210000,6DF5FFFF,FCFCFFFF
C58D225C00000000,55D3A601,18C2C633,F62D0000,12000000,4C000000,00120000,EF0A0000,B3210000,5CF5FFFF,31FDFFFF
278E225C00000000,70D3A601,31C2C633,F62D0000,12000000,4C000000,30120000,D50A0000,CD210000,4BF5FFFF,61FDFFFF
8A8E225C00000000,8BD3A601,4BC2C633,F62D0000,12000000,4C000000,5D120000,BA0A0000,E7210000,3BF5FFFF,8EFDFFFF
F18E225C00000000,A7D3A601,64C2C633,F62D0000,12000000,4C000000,84120000,9F0A0000,01220000,2AF5FFFF,B5FDFFFF
538F225C00000000,C3D3A601,7DC2C633,F62D0000,12000000,4C000000,A6120000,850A0000,1C220000,19F5FFFF,D7FDFFFF
B98F225C00000000,DFD3A601,96C2C633,F62D0000,12000000,4C000000,C2120000,6A0A0000,36220000,08F5FFFF,F3FDFFFF
1D90225C00000000,FAD3A601,AFC2C633,F62D0000,12000000,4C000000,D8120000,500A0000,50220000,F8F4FFFF,09FEFFFF
7F90225C00000000,16D4A601,C8C2C633,F62D0000,12000000,4C000000,F0120000,360A0000,6B220000,E7F4FFFF,21FEFFFF
E590225C00000000,32D4A601,E0C2C633,F62D0000,12000000,4C000000,01130000,1B0A0000,85220000,D5F4FFFF,32FEFFFF
4991225C00000000,4ED4A601,F8C2C633,F62D0000,12000000,4C000000,11130000,010A0000,9E220000,C4F4FFFF,42FEFFFF
AB91225C00000000,6AD4A601,11C3C633,F62D0000,12000000,4C000000,20130000,E6090000,B8220000,B3F4FFFF,51FEFFFF
1292225C00000000,85D4A601,29C3C633,F62D0000,12000000,4C000000,2E130000,CC090000,D1220000,A3F4FFFF,5FFEFFFF
7592225C00000000,A1D4A601,41C3C633,F62D0000,12000000,4C000000,3D130000,B1090000,EA220000,92F4FFFF,6EFEFFFF
DB92225C00000000,BDD4A601,59C3C633,F62D0000,12000000,4C000000,48130000,96090000,04230000,80F4FFFF,79FEFFFF
3D93225C00000000,D9D4A601,71C3C633,F62D0000,12000000,4C000000,50130000,7B090000,1C230000,6EF4FFFF,81FEFFFF
A193225C00000000,F5D4A601,89C3C633,F62D0000,12000000,4C000000,56130000,5F090000,35230000,5DF4FFFF,87FEFFFF
0794225C00000000,11D5A601,A0C3C633,F62D0000,12000000,4C000000,5A130000,44090000,4D230000,4BF4FFFF,8BFEFFFF
6B94225C00000000,2DD5A601,B8C3C633,F62D0000,12000000,4C000000,5C130000,28090000,64230000,3AF4FFFF,8DFEFFFF
CE94225C00000000,49D5A601,D0C3C633,F62D0000,12000000,4C000000,5B130000,0C090000,7C230000,28F4FFFF,8CFEFFFF
3395225C00000000,64D5A601,E7C3C633,F62D0000,12000000,4C000000,5A130000,F0080000,92230000,16F4FFFF,8BFEFFFF
9695225C00000000,7FD5A601,FEC3C633,F62D0000,12000000,4C000000,5A130000,D4080000,A8230000,05F4FFFF,8BFEFFFF
FC95225C00000000,9AD5A601,15C4C633,F62D0000,12000000,4C000000,57130000,B8080000,BE230000,F3F3FFFF,88FEFFFF
5E96225C00000000,B4D5A601,2CC4C633,F62D0000,12000000,4C000000,55130000,9C080000,D2230000,E1F3FFFF,86FEFFFF
C196225C00000000,CFD5A601,42C4C633,F62D0000,12000000,4C000000,52130000,80080000,E7230000,CFF3FFFF,83FEFFFF
2897225C00000000,E9D5A601,59C4C633,F62D0000,12000000,4C000000,51130000,64080000,FB230000,BDF3FFFF,82FEFFFF
8B97225C00000000,03D6A601,6FC4C633,F62D0000,12000000,4C000000,4F130000,48080000,0F240000,ABF3FFFF,80FEFFFF
F097225C00000000,1DD6A601,85C4C633,F62D0000,12000000,4C000000,4A130000,2C080000,22240000,99F3FFFF,7BFEFFFF
5498225C00000000,37D6A601,9BC4C633,F62D0000,12000000,4C000000,41130000,10080000,36240000,86F3FFFF,72FEFFFF
B798225C00000000,50D6A601,B1C4C633,F62D0000,12000000,4C000000,3B130000,F4070000,48240000,74F3FFFF,6CFEFFFF
1999225C00000000,69D6A601,C7C4C633,F62D0000,12000000,4C000000,39130000,D8070000,5A240000,63F3FFFF,6AFEFFFF
7F99225C00000000,82D6A601,DDC4C633,F62D0000,12000000,4C000000,33130000,BC070000,6C240000,52F3FFFF,64FEFFFF
E699225C00000000,9BD6A601,F2C4C633,F62D0000,12000000,4C000000,2A130000,A0070000,7D240000,3FF3FFFF,5BFEFFFF
479A225C00000000,B4D6A601,07C5C633,F62D0000,12000000,4C000000,24130000,84070000,8D240000,2DF3FFFF,55FEFFFF
AC9A225C00000000,CCD6A601,1DC5C633,F62D0000,12000000,4C000000,1E130000,68070000,9E240000,1BF3FFFF,4FFEFFFF
129B225C00000000,E5D6A601,32C5C633,F62D0000,12000000,4C000000,18130000,4C070000,AE240000,08F3FFFF,49FEFFFF
749B225C00000000,FDD6A601,47C5C633,F62D0000,12000000,4C000000,10130000,30070000,BE240000,F6F2FFFF,41FEFFFF
DA9B225C00000000,15D7A601,5CC5C633,F62D0000,12000000,4C000000,0A130000,14070000,CD240000,E4F2FFFF,3BFEFFFF
3E9C225C00000000,2CD7A601,71C5C633,F62D0000,12000000,4C000000,03130000,F8060000,DC240000,D2F2FFFF,34FEFFFF
A09C225C00000000,44D7A601,86C5C633,F62D0000,12000000,4C000000,FD120000,DC060000,EA240000,C0F2FFFF,2EFEFFFF
049D225C00000000,5BD7A601,9BC5C633,F62D0000,12000000,4C000000,F7120000,C0060000,F8240000,AEF2FFFF,28FEFFFF
6A9D225C00000000,73D7A601,AFC5C633,F62D0000,12000000,4C000000,F1120000,A4060000,06250000,9BF2FFFF,22FEFFFF
CD9D225C00000000,8AD7A601,C4C5C633,F62D0000,12000000,4C000000,EA120000,88060000,13250000,89F2FFFF,1BFEFFFF
339E225C00000000,A1D7A601,D8C5C633,F62D0000,12000000,4C000000,E3120000,6C060000,20250000,76F2FFFF,14FEFFFF
969E225C00000000,B8D7A601,EDC5C633,F62D0000,12000000,4C000000,DE120000,50060000,2C250000,64F2FFFF,0FFEFFFF
FC9E225C00000000,CED7A601,01C6C633,F62D0000,12000000,4C000000,DB120000,34060000,38250000,52F2FFFF,0CFEFFFF
5F9F225C00000000,E5D7A601,15C6C633,F62D0000,12000000,4C000000,D7120000,18060000,44250000,3FF2FFFF,08FEFFFF
C29F225C00000000,FCD7A601,29C6C633,F62D0000,12000000,4C000000,D3120000,FC050000,50250000,2CF2FFFF,04FEFFFF
27A0225C00000000,12D8A601,3EC6C633,F62D0000,12000000,4C000000,D0120000,E0050000,5B250000,19F2FFFF,01FEFFFF
8BA0225C00000000,29D8A601,52C6C633,F62D0000,12000000,4C000000,CD120000,C4050000,67250000,06F2FFFF,FEFDFFFF
F0A0225C00000000,3FD8A601,66C6C633,F62D0000,12000000,4C000000,CB120000,A8050000,72250000,F2F1FFFF,FCFDFFFF
54A1225C00000000,56D8A601,7AC6C633,F62D0000,12000000,4C000000,C9120000,8C050000,7C250000,DFF1FFFF,FAFDFFFF
B7A1225C00000000,6CD8A601,8EC6C633,F62D0000,12000000,4C000000,C8120000,70050000,87250000,CBF1FFFF,F9FDFFFF
1AA2225C00000000,82D8A601,A2C6C633,F62D0000,12000000,4C000000,C9120000,54050000,91250000,B8F1FFFF,FAFDFFFF
80A2225C00000000,98D8A601,B6C6C633,F62D0000,12000000,4C000000,CB120000,38050000,9B250000,A5F1FFFF,FCFDFFFF
E3A2225C00000000,AED8A601,CAC6C633,F62D0000,12000000,4C000000,CE120000,1C050000,A5250000,92F1FFFF,FFFDFFFF
49A3225C00000000,C5D8A601,DDC6C633,F62D0000,12000000,4C000000,D2120000,00050000,AF250000,7EF1FFFF,03FEFFFF
ABA3225C00000000,DBD8A601,F1C6C633,F62D0000,12000000,4C000000,D5120000,E4040000,B9250000,6AF1FFFF,06FEFFFF
12A4225C00000000,F1D8A601,05C7C633,F62D0000,12000000,4C000000,DA120000,C8040000,C3250000,56F1FFFF,0BFEFFFF
75A4225C00000000,07D9A601,19C7C633,F62D0000,12000000,4C000000,E0120000,AC040000,CD250000,42F1FFFF,11FEFFFF
D8A4225C00000000,1DD9A601,2CC7C633,F62D0000,12000000,4C000000,E7120000,90040000,D6250000,2FF1FFFF,18FEFFFF
3EA5225C00000000,33D9A601,40C7C633,F62D0000,12000000,4C000000,EF120000,74040000,E0250000,1AF1FFFF,20FEFFFF
A1A5225C00000000,49D9A601,53C7C633,F62D0000,12000000,4C000000,F9120000,58040000,EA250000,06F1FFFF,2AFEFFFF
07A6225C00000000,60D9A601,67C7C633,F62D0000,12000000,4C000000,05130000,3C040000,F3250000,F2F0FFFF,36FEFFFF
6AA6225C00000000,76D9A601,7AC7C633,F62D0000,12000000,4C000000,11130000,20040000,FC250000,DEF0FFFF,42FEFFFF
CDA6225C00000000,8CD9A601,8EC7C633,F62D0000,12000000,4C000000,1F130000,04040000,06260000,C9F0FFFF,50FEFFFF
30A7225C00000000,A3D9A601,A1C7C633,F62D0000,12000000,4C000000,30130000,E8030000,10260000,B5F0FFFF,61FEFFFF
96A7225C00000000,B9D9A601,B5C7C633,F62D0000,12000000,4C000000,44130000,CC030000,1A260000,A0F0FFFF,75FEFFFF
F9A7225C00000000,D0D9A601,C8C7C633,F62D0000,12000000,4C000000,59130000,B0030000,24260000,8BF0FFFF,8AFEFFFF
5FA8225C00000000,E6D9A601,DBC7C633,F62D0000,12000000,4C000000,73130000,94030000,2E260000,77F0FFFF,A4FEFFFF
C1A8225C00000000,FDD9A601,EEC7C633,F62D0000,12000000,4C000000,94130000,78030000,38260000,62F0FFFF,C5FEFFFF
28A9225C00000000,14DAA601,01C8C633,F62D0000,12000000,4C000000,B8130000,5C030000,42260000,4CF0FFFF,E9FEFFFF
8BA9225C00000000,2CDAA601,14C8C633,F62D0000,12000000,4C000000,DF130000,40030000,4D260000,37F0FFFF,10FFFFFF
EBA9225C00000000,43DAA601,27C8C633,F62D0000,12000000,4C000000,0A140000,24030000,58260000,23F0FFFF,3BFFFFFF
54AA225C00000000,5BDAA601,3AC8C633,F62D0000,12000000,4C000000,37140000,08030000,63260000,0DF0FFFF,68FFFFFF
B7AA225C00000000,72DAA601,4CC8C633,F62D0000,12000000,4C000000,5F140000,EC020000,6E260000,F8EFFFFF,90FFFFFF
1DAB225C00000000,8ADAA601,5EC8C633,F62D0000,12000000,4C000000,88140000,D0020000,79260000,E3EFFFFF,B9FFFFFF
7DAB225C00000000,A2DAA601,71C8C633,F62D0000,12000000,4C000000,B4140000,B4020000,84260000,CDEFFFFF,E5FFFFFF
E3AB225C00000000,BADAA601,82C8C633,F62D0000,12000000,4C000000,DD140000,98020000,8F260000,B8EFFFFF,0D000000
49AC225C00000000,D3DAA601,94C8C633,F62D0000,12000000,4C000000,04150000,7C020000,9A260000,A2EFFFFF,34000000
A9AC225C00000000,EBDAA601,A6C8C633,F62D0000,12000000,4C000000,2A150000,60020000,A4260000,8BEFFFFF,5A000000
0FAD225C00000000,03DBA601,B7C8C633,F62D0000,12000000,4C000000,55150000,44020000,AF260000,74EFFFFF,85000000
75AD225C00000000,1CDBA601,C8C8C633,F62D0000,12000000,4C000000,82150000,28020000,B9260000,5EEFFFFF,B2000000
D8AD225C00000000,34DBA601,D9C8C633,F62D0000,12000000,4C000000,B0150000,0C020000,C4260000,47EFFFFF,E0000000
3BAE225C00000000,4DDBA601,EAC8C633,F62D0000,12000000,4C000000,DD150000,F0010000,CE260000,30EFFFFF,0D010000
A2AE225C00000000,66DBA601,FAC8C633,F62D0000,12000000,4C000000,0A160000,D4010000,D8260000,19EFFFFF,3A010000
04AF225C00000000,7FDBA601,0AC9C633,F62D0000,12000000,4C000000,39160000,B8010000,E2260000,02EFFFFF,69010000
6AAF225C00000000,98DBA601,1AC9C633,F62D0000,12000000,4C000000,6A160000,9C010000,EB260000,E9EEFFFF,9A010000
CEAF225C00000000,B1DBA601,2AC9C633,F62D0000,12000000,4C000000,9D160000,80010000,F4260000,D2EEFFFF,CD010000
33B0225C00000000,CADBA601,39C9C633,F62D0000,12000000,4C000000,CD160000,64010000,FD260000,BAEEFFFF,FD010000
96B0225C00000000,E3DBA601,49C9C633,F62D0000,12000000,4C000000,FB160000,48010000,06270000,A1EEFFFF,2B020000
F9B0225C00000000,FCDBA601,58C9C633,F62D0000,12000000,4C000000,28170000,2C010000,0F270000,89EEFFFF,58020000
5FB1225C00000000,15DCA601,66C9C633,F62D0000,12000000,4C000000,52170000,10010000,17270000,70EEFFFF,82020000
C2B1225C00000000,2EDCA601,75C9C633,F62D0000,12000000,4C000000,78170000,F4000000,1E270000,56EEFFFF,A8020000
26B2225C00000000,47DCA601,83C9C633,F62D0000,12000000,4C000000,9A170000,D8000000,25270000,3EEEFFFF,CA020000
88B2225C00000000,60DCA601,91C9C633,F62D0000,12000000,4C000000,BD170000,BC000000,2C270000,24EEFFFF,ED020000
EEB2225C00000000,7ADCA601,9FC9C633,F62D0000,12000000,4C000000,D9170000,A0000000,32270000,0BEEFFFF,09030000
54B3225C00000000,93DCA601,ADC9C633,F62D0000,12000000,4C000000,F0170000,84000000,37270000,F2EDFFFF,20030000
B7B3225C00000000,ABDCA601,BAC9C633,F62D0000,12000000,4C000000,03180000,68000000,3C270000,D8EDFFFF,33030000
1BB4225C00000000,C4DCA601,C8C9C633,F62D0000,12000000,4C000000,0E180000,4C000000,40270000,BFEDFFFF,3E030000
80B4225C00000000,DDDCA601,D5C9C633,F62D0000,12000000,4C000000,1A180000,30000000,44270000,A4EDFFFF,4A030000
E2B4225C00000000,F5DCA601,E2C9C633,F62D0000,12000000,4C000000,25180000,15000000,47270000,8BEDFFFF,55030000
4AB5225C00000000,0DDDA601,EEC9C633,F62D0000,12000000,4C000000,2D180000,FBFFFFFF,49270000,71EDFFFF,5D030000
ADB5225C00000000,24DDA601,FBC9C633,F62D0000,12000000,4C000000,33180000,E1FFFFFF,4B270000,57EDFFFF,63030000
10B6225C00000000,3BDDA601,07CAC633,F62D0000,12000000,4C000000,38180000,C7FFFFFF,4C270000,3DEDFFFF,68030000
75B6225C00000000,52DDA601,13CAC633,F62D0000,12000000,4C000000,3B180000,ADFFFFFF,4D270000,23EDFFFF,6B030000
D8B6225C00000000,68DDA601,1FCAC633,F62D0000,12000000,4C000000,3E180000,94FFFFFF,4D270000,08EDFFFF,6E030000
3BB7225C00000000,7EDDA601,2BCAC633,F62D0000,12000000,4C000000,3E180000,7BFFFFFF,4D270000,EEECFFFF,6E030000
9FB7225C00000000,94DDA601,36CAC633,F62D0000,12000000,4C000000,3E180000,62FFFFFF,4C270000,D3ECFFFF,6E030000
04B8225C00000000,A8DDA601,41CAC633,F62D0000,12000000,4C000000,40180000,4BFFFFFF,4B270000,B9ECFFFF,70030000
6AB8225C00000000,BCDDA601,4BCAC633,F62D0000,12000000,4C000000,40180000,35FFFFFF,49270000,9EECFFFF,70030000
CEB8225C00000000,CEDDA601,55CAC633,F62D0000,12000000,4C000000,40180000,21FFFFFF,47270000,84ECFFFF,70030000
30B9225C00000000,DFDDA601,5ECAC633,F62D0000,12000000,4C000000,40180000,0EFFFFFF,44270000,6AECFFFF,70030000
96B9225C00000000,EFDDA601,67CAC633,F62D0000,12000000,4C000000,3F180000,FBFEFFFF,41270000,4FECFFFF,6F030000
F8B9225C00000000,FFDDA601,6FCAC633,F62D0000,12000000,4C000000,3F180000,EAFEFFFF,3D270000,34ECFFFF,6F030000
5FBA225C00000000,0DDEA601,76CAC633,F62D0000,12000000,4C000000,3F180000,DBFEFFFF,39270000,19ECFFFF,6F030000
C2BA225C00000000,1ADEA601,7DCAC633,F62D0000,12000000,4C000000,3F180000,CCFEFFFF,35270000,FFEBFFFF,6F030000
25BB225C00000000,27DEA601,84CAC633,F62D0000,12000000,4C000000,3E180000,BFFEFFFF,30270000,E4EBFFFF,6E030000
8CBB225C00000000,32DEA601,8ACAC633,F62D0000,12000000,4C000000,3E180000,B4FEFFFF,2B270000,C9EBFFFF,6E030000
EEBB225C00000000,3CDEA601,8FCAC633,F62D0000,12000000,4C000000,3E180000,AAFEFFFF,25270000,AFEBFFFF,6E030000
51BC225C00000000,45DEA601,94CAC633,F62D0000,12000000,4C000000,3E180000,A2FEFFFF,1F270000,94EBFFFF,6E030000
B4BC225C00000000,4DDEA601,98CAC633,F62D0000,12000000,4C000000,3E180000,9AFEFFFF,19270000,79EBFFFF,6E030000
1BBD225C00000000,55DEA601,9DCAC633,F62D0000,12000000,4C000000,3E180000,93FEFFFF,13270000,5FEBFFFF,6E030000
80BD225C00000000,5DDEA601,A1CAC633,F62D0000,12000000,4C000000,3E180000,8DFEFFFF,0D270000,44EBFFFF,6E030000
E3BD225C00000000,65DEA601,A5CAC633,F62D0000,12000000,4C000000,3E180000,87FEFFFF,06270000,2AEBFFFF,6E030000
46BE225C00000000,6CDEA601,A9CAC633,F62D0000,12000000,4C000000,3E180000,82FEFFFF,00270000,0FEBFFFF,6E030000
ADBE225C00000000,74DEA601,ADCAC633,F62D0000,12000000,4C000000,3D180000,7CFEFFFF,F9260000,F5EAFFFF,6D030000
10BF225C00000000,7BDEA601,B1CAC633,F62D0000,12000000,4C000000,3D180000,77FEFFFF,F3260000,DAEAFFFF,6D030000
72BF225C00000000,82DEA601,B5CAC633,F62D0000,12000000,4C000000,3D180000,72FEFFFF,EC260000,BFEAFFFF,6D030000
D8BF225C00000000,89DEA601,B8CAC633,F62D0000,12000000,4C000000,3D180000,6EFEFFFF,E6260000,A5EAFFFF,6D030000
3CC0225C00000000,91DEA601,BCCAC633,F62D0000,12000000,4C000000,3D180000,69FEFFFF,DF260000,8BEAFFFF,6D030000
9EC0225C00000000,98DEA601,C0CAC633,F62D0000,12000000,4C000000,3D180000,65FEFFFF,D8260000,70EAFFFF,6D030000
04C1225C00000000,9FDEA601,C4CAC633,F62D0000,12000000,4C000000,3D180000,60FEFFFF,D2260000,55EAFFFF,6D030000
68C1225C00000000,A6DEA601,C8CAC633,F62D0000,12000000,4C000000,3D180000,5CFEFFFF,CB260000,3BEAFFFF,6D030000
CDC1225C00000000,ADDEA601,CBCAC633,F62D0000,12000000,4C000000,3D180000,58FEFFFF,C4260000,20EAFFFF,6D030000
30C2225C00000000,B4DEA601,CFCAC633,F62D0000,12000000,4C000000,3C180000,53FEFFFF,BD260000,06EAFFFF,6C030000
97C2225C00000000,BBDEA601,D3CAC633,F62D0000,12000000,4C000000,3C180000,4FFEFFFF,B6260000,EBE9FFFF,6C030000
FAC2225C00000000,C2DEA601,D6CAC633,F62D0000,12000000,4C000000,3C180000,4CFEFFFF,AF260000,D1E9FFFF,6C030000
5BC3225C00000000,C9DEA601,DACAC633,F62D0000,12000000,4C000000,3C180000,48FEFFFF,A8260000,B6E9FFFF,6C030000
C2C3225C00000000,D0DEA601,DECAC633,F62D0000,12000000,4C000000,3C180000,44FEFFFF,A1260000,9BE9FFFF,6C030000
25C4225C00000000,D7DEA601,E2CAC633,F62D0000,12000000,4C000000,3C180000,40FEFFFF,9B260000,81E9FFFF,6C030000
8CC4225C00000000,DEDEA601,E5CAC633,F62D0000,12000000,4C000000,3C180000,3CFEFFFF,94260000,66E9FFFF,6C030000
EEC4225C00000000,E5DEA601,E9CAC633,F62D0000,12000000,4C000000,3C180000,39FEFFFF,8D260000,4CE9FFFF,6C030000
51C5225C00000000,ECDEA601,EDCAC633,F62D0000,12000000,4C000000,3C180000,35FEFFFF,86260000,31E9FFFF,6C030000
B8C5225C00000000,F3DEA601,F0CAC633,F62D0000,12000000,4C000000,3B180000,32FEFFFF,7F260000,16E9FFFF,6B030000
18C6225C00000000,FADEA601,F4CAC633,F62D0000,12000000,4C000000,3B180000,2EFEFFFF,78260000,FCE8FFFF,6B030000
7DC6225C00000000,00DFA601,F7CAC633,F62D0000,12000000,4C000000,3B180000,2BFEFFFF,71260000,E1E8FFFF,6B030000
E3C6225C00000000,07DFA601,FBCAC633,F62D0000,12000000,4C000000,3B180000,28FEFFFF,6A260000,C7E8FFFF,6B030000
47C7225C00000000,0EDFA601,FFCAC633,F62D0000,12000000,4C000000,3B180000,24FEFFFF,63260000,ACE8FFFF,6B030000
ACC7225C00000000,15DFA601,02CBC633,F62D0000,12000000,4C000000,3B180000,21FEFFFF,5C260000,92E8FFFF,6B030000
0FC8225C00000000,1CDFA601,06CBC633,F62D0000,12000000,4C000000,3B180000,1EFEFFFF,55260000,77E8FFFF,6B030000
72C8225C00000000,22DFA601,0ACBC633,F62D0000,12000000,4C000000,3A180000,1BFEFFFF,4E260000,5DE8FFFF,6A030000
D9C8225C00000000,29DFA601,0DCBC633,F62D0000,12000000,4C000000,3A180000,18FEFFFF,47260000,42E8FFFF,6A030000
3CC9225C00000000,30DFA601,11CBC633,F62D0000,12000000,4C000000,3A180000,14FEFFFF,40260000,28E8FFFF,6A030000
A1C9225C00000000,37DFA601,14CBC633,F62D0000,12000000,4C000000,3A180000,11FEFFFF,39260000,0DE8FFFF,6A030000
05CA225C00000000,3EDFA601,18CBC633,F62D0000,12000000,4C000000,3A180000,0EFEFFFF,32260000,F3E7FFFF,6A030000
67CA225C00000000,44DFA601,1CCBC633,F62D0000,12000000,4C000000,3A180000,0BFEFFFF,2B260000,D8E7FFFF,6A030000
CECA225C00000000,4BDFA601,1FCBC633,F62D0000,12000000,4C000000,3A180000,08FEFFFF,24260000,BDE7FFFF,6A030000
2ECB225C00000000,52DFA601,23CBC633,F62D0000,12000000,4C000000,39180000,05FEFFFF,1C260000,A3E7FFFF,69030000
94CB225C00000000,59DFA601,26CBC633,F62D0000,12000000,4C000000,39180000,03FEFFFF,15260000,88E7FFFF,69030000
F9CB225C00000000,5FDFA601,2ACBC633,F62D0000,12000000,4C000000,39180000,00FEFFFF,0E260000,6EE7FFFF,69030000
5DCC225C00000000,66DFA601,2DCBC633,F62D0000,12000000,4C000000,3A180000,FEFDFFFF,07260000,53E7FFFF,6A030000
C3CC225C00000000,6CDFA601,31CBC633,F62D0000,12000000,4C000000,39180000,FCFDFFFF,00260000,39E7FFFF,69030000
25CD225C00000000,73DFA601,34CBC633,F62D0000,12000000,4C000000,38180000,FAFDFFFF,F9250000,1EE7FFFF,68030000
88CD225C00000000,79DFA601,38CBC633,F62D0000,12000000,4C000000,38180000,F9FDFFFF,F2250000,04E7FFFF,68030000
EFCD225C00000000,7FDFA601,3BCBC633,F62D0000,12000000,4C000000,38180000,F9FDFFFF,EB250000,EAE6FFFF,68030000
52CE225C00000000,86DFA601,3ECBC633,F62D0000,12000000,4C000000,37180000,F9FDFFFF,E4250000,CFE6FFFF,67030000
B8CE225C00000000,8CDFA601,42CBC633,F62D0000,12000000,4C000000,36180000,F9FDFFFF,DD250000,B5E6FFFF,66030000
1ACF225C00000000,92DFA601,45CBC633,F62D0000,12000000,4C000000,35180000,F9FDFFFF,D6250000,9BE6FFFF,65030000
7DCF225C00000000,98DFA601,48CBC633,F62D0000,12000000,4C000000,34180000,FAFDFFFF,CF250000,80E6FFFF,64030000
E4CF225C00000000,9FDFA601,4CCBC633,F62D0000,12000000,4C000000,32180000,FBFDFFFF,C7250000,66E6FFFF,62030000
44D0225C00000000,A6DFA601,4FCBC633,F62D0000,12000000,4C000000,30180000,FDFDFFFF,C0250000,4BE6FFFF,60030000
A9D0225C00000000,ACDFA601,53CBC633,F62D0000,12000000,4C000000,2E180000,FFFDFFFF,B9250000,31E6FFFF,5E030000
0FD1225C00000000,B3DFA601,57CBC633,F62D0000,12000000,4C000000,2C180000,02FEFFFF,B2250000,17E6FFFF,5C030000
73D1225C00000000,BADFA601,5ACBC633,F62D0000,12000000,4C000000,29180000,06FEFFFF,AA250000,FDE5FFFF,59030000
D9D1225C00000000,C1DFA601,5ECBC633,F62D0000,12000000,4C000000,27180000,09FEFFFF,A3250000,E2E5FFFF,57030000
3BD2225C00000000,C8DFA601,62CBC633,F62D0000,12000000,4C000000,25180000,0BFEFFFF,9C250000,C8E5FFFF,55030000
9FD2225C00000000,CEDFA601,65CBC633,F62D0000,12000000,4C000000,24180000,0DFEFFFF,95250000,AEE5FFFF,54030000
03D3225C00000000,D5DFA601,68CBC633,F62D0000,12000000,4C000000,22180000,0DFEFFFF,8E250000,93E5FFFF,52030000
